lat,lon,sub_county,ward,feature,garbage/garbage_type,garbage/garbage_ownership,_capture_the_location_precision,garbage/other_garbage_type,garbage/other_garbage_ownership,comments,description,combined_description
-1.3296155,36.7798372,Lang'ata,Mugumo-ini,garbage point,illegal dumping,public land,4.18,,,illegal dumping inside langata cemetery,illegal dumping inside langata cemetery,illegal dumping inside langata cemetery
-1.3286648,36.7795393,Lang'ata,Mugumo-ini,garbage point,illegal dumping,public land,4.048,,,road reserve,road reserve,road reserve
-1.3276393,36.7790747,Lang'ata,Mugumo-ini,garbage point,illegal dumping,public land,4.795,,,road reserve,road reserve,road reserve
-1.3270311,36.8841261,Embakasi South,Imara Daima,garbage point,illegal dumping,private,4.725,,,,,
-1.325655,36.8861595,Embakasi South,Imara Daima,garbage point,illegal dumping,public land,4.96,,,,,
-1.3255551,36.8876282,Embakasi South,Imara Daima,garbage point,collection point,other,4.379,,on the side of the road,,,
-1.324797,36.8855075,Embakasi South,Imara Daima,garbage point,collection point,other,2.52,,along the road,,,
-1.3244792,36.785162,Lang'ata,Mugumo-ini,garbage point,holding ground,public land,4.749,,,market,,market
-1.3231246,36.7878761,Lang'ata,Mugumo-ini,garbage point,collection point,community,4.426,,,cbo holding point,cbo holding point,cbo holding point
-1.3227459,36.8986237,Embakasi South,Pipeline,garbage point,collection point,community,2.708,,,Help prevent illegal dumping,,Help prevent illegal dumping
-1.3225333,36.7774999,Lang'ata,Mugumo-ini,garbage point,illegal dumping,public land,4.724,,,road reserve,road reserve,road reserve
-1.3224448,36.8955352,Embakasi South,Pipeline,garbage point,holding ground,private,4.744,,,,,
-1.3215462,36.7779034,Lang'ata,Mugumo-ini,garbage point,illegal dumping,public land,4.322,,,road reserve,road reserve,road reserve
-1.3209663,36.8977393,Embakasi South,Pipeline,garbage point,illegal dumping,public land,2.0,,,Illegal dumping,,Illegal dumping
-1.3208981,36.882559,Embakasi South,Imara Daima,garbage point,illegal dumping,private,4.966,,,,,
-1.3207286,36.8946461,Embakasi South,Pipeline,garbage point,holding ground,private,4.987,,,,,
-1.3203926,36.8943654,Embakasi South,Kware,garbage point,holding ground,private,4.881,,,,,
-1.3203671,36.8831743,Embakasi South,Imara Daima,garbage point,illegal dumping,community,4.74,,,,,
-1.3199344,36.883753,Embakasi South,Imara Daima,garbage point,illegal dumping,other,4.62,,along the river,,,
-1.3197965,36.8947099,Embakasi South,Pipeline,garbage point,illegal dumping,public land,4.557,,,It is not pleasing.,,It is not pleasing.
-1.3194283,36.8821333,Embakasi South,Imara Daima,garbage point,holding ground,community,4.6,,,,,
-1.3192143,36.8934344,Embakasi South,Kware,garbage point,holding ground,private,4.824,,,,,
-1.3189179,36.8845935,Embakasi South,Imara Daima,garbage point,illegal dumping,community,5.0,,,,,
-1.3188571,36.7769277,Lang'ata,Mugumo-ini,garbage point,illegal dumping,community,4.68,,,migingo estate,migingo estate,migingo estate
-1.3184772,36.7818414,Lang'ata,Mugumo-ini,garbage point,holding ground,community,4.805,,,raila village estate,raila village estate,raila village estate
-1.3184638,36.8933483,Embakasi South,Kware,garbage point,illegal dumping,private,4.392,,,,,
-1.3183942,36.8386844,Starehe,Nairobi South,garbage point,illegal dumping,public land,4.38,,,,,
-1.3181819,36.7835835,Lang'ata,Mugumo-ini,garbage point,illegal dumping,public land,3.88,,,road reserve,road reserve,road reserve
-1.3178969,36.799213,Lang'ata,Nyayo Highrise,garbage point,illegal dumping,public land,4.045,,,,,
-1.3174488,36.7782453,Lang'ata,Mugumo-ini,garbage point,other,community,4.581,Illegal dumping and Bin,,cause of river pollution,,cause of river pollution
-1.3174159,36.8195599,Lang'ata,Nairobi West,garbage point,illegal dumping,public land,4.258,,,,,
-1.3168668,36.838659,Starehe,Nairobi South,garbage point,illegal dumping,public land,2.957,,,,,
-1.3167599,36.8134123,Lang'ata,Nairobi West,garbage point,illegal dumping,public land,4.39,,,,,
-1.315837,36.8918857,Embakasi South,Pipeline,garbage point,holding ground,private,4.975,,,,,
-1.315521,36.9157312,Embakasi East,Utawala,garbage point,collection point,public land,4.673,,,,,
-1.315431,36.9140498,Embakasi East,Utawala,garbage point,illegal dumping,public land,4.683,,,,,
-1.3154267,36.8383341,Starehe,Nairobi South,garbage point,illegal dumping,public land,2.175,,,,,
-1.315349,36.7988314,Lang'ata,Nyayo Highrise,garbage point,illegal dumping,public land,4.942,,,,,
-1.31519,36.8031198,Lang'ata,Nyayo Highrise,garbage point,illegal dumping,public land,4.751,,,,,
-1.3151797,36.8953795,Embakasi East,Utawala,garbage point,illegal dumping,private,4.95,,,,,
-1.3148323,36.8910788,Embakasi South,Pipeline,garbage point,holding ground,private,4.884,,,,,
-1.314064,36.8902858,Embakasi South,Kware,garbage point,holding ground,private,4.874,,,,,
-1.3138837,36.8383967,Starehe,Nairobi South,garbage point,illegal dumping,public land,4.7,,,,,
-1.31377,36.8382383,Starehe,Nairobi South,garbage point,illegal dumping,public land,4.0,,,,,
-1.3132796,36.7898226,Kibra,Lindi,garbage point,illegal dumping,public land,4.645,,,very bad condition,,very bad condition
-1.3132548,36.8498305,Starehe,Landimawe,garbage point,illegal dumping,public land,3.816,,,Illegal dumping at Crescent Bridge and along Ngong' river Mukuru Kayaba informal settlement,Illegal dumping at Crescent Bridge and along Ngong' river Mukuru Kayaba informal settlement,Illegal dumping at Crescent Bridge and along Ngong' river Mukuru Kayaba informal settlement
-1.3130915,36.8353274,Starehe,Nairobi South,garbage point,illegal dumping,public land,3.807,,,,,
-1.3126134,36.8354,Starehe,Nairobi South,garbage point,illegal dumping,public land,3.186,,,,,
-1.3125684,36.8353917,Starehe,Nairobi South,garbage point,illegal dumping,public land,4.729,,,,,
-1.3124156,36.835366,Starehe,Nairobi South,garbage point,illegal dumping,public land,3.8,,,,,
-1.3123672,36.8893696,Embakasi South,Kware,garbage point,holding ground,private,4.762,,,,,
-1.312214,36.8422093,Starehe,Nairobi South,garbage point,collection point,public land,2.437,,,,,
-1.3121805,36.8571396,Starehe,Landimawe,garbage point,illegal dumping,public land,3.829,,,This is an illegal dumping site along Migwani road.,This is an illegal dumping site along Migwani road.,This is an illegal dumping site along Migwani road.
-1.3120961,36.8864378,Embakasi South,Kware,garbage point,collection point,private,4.503,,,,,
-1.3120568,36.8880403,Embakasi South,Kware,garbage point,illegal dumping,private,4.986,,,,,
-1.3117096,36.7932269,Kibra,Laini Saba,garbage point,illegal dumping,public land,4.669,,,,,
-1.3116044,36.8499555,Starehe,Landimawe,garbage point,collection point,public land,4.659,,,This is a collection point at Kayaba stage along Enterprise road.,This is a collection point at Kayaba stage along Enterprise road.,This is a collection point at Kayaba stage along Enterprise road.
-1.3115755,36.8376757,Starehe,Nairobi South,garbage point,illegal dumping,public land,4.482,,,,,
-1.3110604,36.7881487,Kibra,Lindi,garbage point,holding ground,public land,4.339,,,not maintained,,not maintained
-1.3110446,36.8885422,Embakasi South,Pipeline,garbage point,holding ground,private,4.586,,,,,
-1.3109619,36.7878935,Kibra,Makina,garbage point,illegal dumping,public land,7.677,,,,,
-1.3107447,36.8456915,Starehe,Landimawe,garbage point,holding ground,public land,3.959,,,An holding ground by Green Army for holding waste awaiting collection.,An holding ground by Green Army for holding waste awaiting collection.,An holding ground by Green Army for holding waste awaiting collection.
-1.3107197,36.8479623,Starehe,Landimawe,garbage point,illegal dumping,public land,4.604,,,Illegal dumping near Timsales wall along Enterprise road,Illegal dumping near Timsales wall along Enterprise road,Illegal dumping near Timsales wall along Enterprise road
-1.3099923,36.8444971,Starehe,Landimawe,garbage point,holding ground,public land,4.004,,,An holding ground by Green Army for holding solid waste awaiting collection by trucks.,An holding ground by Green Army for holding solid waste awaiting collection by trucks.,An holding ground by Green Army for holding solid waste awaiting collection by trucks.
-1.3095056,36.8619112,Makadara,Viwandani,garbage point,holding ground,private,4.671,,,Private company,,Private company
-1.3092484,36.8445078,Starehe,Landimawe,garbage point,illegal dumping,public land,3.699,,,Illegal dumping near office of the Chief Mukuru Kayaba Location off Enterprise road,Illegal dumping near office of the Chief Mukuru Kayaba Location off Enterprise road,Illegal dumping near office of the Chief Mukuru Kayaba Location off Enterprise road
-1.3085431,36.863891,Makadara,Viwandani,garbage point,collection point,public land,3.854,,,,,
-1.3083504,36.8789252,Makadara,Viwandani,garbage point,collection point,public land,4.719,,,Open air burning is a major challenge,,Open air burning is a major challenge
-1.3072454,36.7334073,Dagoretti South,Ng'ando,garbage point,illegal dumping,private,4.952,,,Fencing required,,Fencing required
-1.3063287,36.7890081,Kibra,Makina,garbage point,holding ground,public land,0.735,,,should be closed down,,should be closed down
-1.3062158,36.821721,Lang'ata,Nairobi West,garbage point,illegal dumping,public land,4.611,,,,,
-1.3057454,36.7856936,Kibra,Makina,garbage point,holding ground,public land,2.15,,,needs fencing,,needs fencing
-1.305698,36.7376182,Dagoretti South,Ng'ando,garbage point,illegal dumping,community,4.968,,,,,
-1.304752,36.8302585,Starehe,Landimawe,garbage point,holding ground,public land,4.307,,,An holding ground for Green Army at Dundori road,An holding ground for Green Army at Dundori road,An holding ground for Green Army at Dundori road
-1.304317,36.8392502,Starehe,Landimawe,garbage point,illegal dumping,public land,4.455,,,Illegal dumping at Dakar road junction,Illegal dumping at Dakar road junction,Illegal dumping at Dakar road junction
-1.3034084,36.7323163,Dagoretti South,Ng'ando,garbage point,illegal dumping,public land,3.866,,,,,
-1.3031106,36.8881969,Embakasi East,Upper Savanna,garbage point,illegal dumping,other,4.645,,outering road donholm near equity bank,,outering road donholm near equity bank	,outering road donholm near equity bank	
-1.3027407,36.7376729,Dagoretti South,Ng'ando,garbage point,holding ground,private,4.99,,,Not fenced,,Not fenced
-1.3001478,36.7576411,Dagoretti South,Ng'ando,garbage point,illegal dumping,public land,3.903,,,Dumping on major roads is rampant,Dumping on major roads is rampant,Dumping on major roads is rampant
-1.2999555,36.8490689,Makadara,Makongeni,garbage point,collection point,public land,4.797,,,,,
-1.2997531,36.8872329,Embakasi East,Upper Savanna,garbage point,illegal dumping,public land,4.288,,,This illegal dumping point is bad and action need to be taken,,This illegal dumping point is bad and action need to be taken
-1.2993294,36.7574613,Dagoretti South,Ng'ando,garbage point,holding ground,public land,4.655,,,Huge waste loads with frequent dumpings,Huge waste loads with frequent dumpings,Huge waste loads with frequent dumpings
-1.2990268,36.8602237,Makadara,Makongeni,garbage point,holding ground,public land,2.923,,,,,
-1.2985295,36.8447916,Makadara,Makongeni,garbage point,illegal dumping,public land,1.771,,,,,
-1.298473,36.8640175,Makadara,Makongeni,garbage point,illegal dumping,public land,4.675,,,,,
-1.2982797,36.8934602,Embakasi East,Upper Savanna,garbage point,illegal dumping,public land,4.012,,,,,
-1.2982297,36.7586461,Dagoretti South,Ng'ando,garbage point,illegal dumping,public land,4.004,,,Rampant dumpings,Rampant dumpings,Rampant dumpings
-1.2981041,36.758262,Dagoretti South,Ng'ando,garbage point,illegal dumping,public land,3.79,,,Illegal businesses around the area,,Illegal businesses around the area
-1.2976869,36.8638031,Makadara,Makongeni,garbage point,illegal dumping,community,2.4,,,On the road side within residential area,,On the road side within residential area
-1.2971667,36.8631754,Makadara,Makongeni,garbage point,illegal dumping,public land,3.641,,,,,
-1.2965409,36.7561616,Dagoretti South,Ng'ando,garbage point,illegal dumping,public land,4.621,,,Dumping due to drainage clearing,Dumping due to drainage clearing,Dumping due to drainage clearing
-1.2954408,36.7555779,Dagoretti South,Ng'ando,garbage point,illegal dumping,public land,4.83,,,Rampant dumping along the road,Rampant dumping along the road,Rampant dumping along the road
-1.2939686,36.7540506,Dagoretti South,Ng'ando,garbage point,illegal dumping,public land,4.662,,,Dumping is usually rampant,Dumping is usually rampant,Dumping is usually rampant
-1.2938974,36.7947387,Dagoretti North,Kilimani,garbage point,illegal dumping,private,2.883,,,,,
-1.293844,36.8626423,Makadara,Maringo/ Hamza,garbage point,illegal dumping,public land,4.881,,,,,
-1.2935397,36.8623276,Makadara,Maringo/ Hamza,garbage point,bin,public land,4.994,,,,,
-1.2932766,36.8378549,Starehe,Landimawe,garbage point,collection point,public land,4.732,,,Collection point for solid waste awaiting trucks collection and transportation to Dandora dumpsite,Collection point for solid waste awaiting trucks collection and transportation to Dandora dumpsite,Collection point for solid waste awaiting trucks collection and transportation to Dandora dumpsite
-1.2931231,36.8362157,Starehe,Landimawe,garbage point,holding ground,private,4.889,,,An holding ground for the Green army along Factory street,An holding ground for the Green army along Factory street,An holding ground for the Green army along Factory street
-1.2929245,36.9009467,Embakasi East,Upper Savanna,garbage point,illegal dumping,public land,4.719,,,To be collected,,To be collected
-1.2927747,36.9014992,Embakasi East,Upper Savanna,garbage point,illegal dumping,public land,4.776,,,,,
-1.2927511,36.9008447,Embakasi East,Upper Savanna,garbage point,collection point,public land,4.11,,,,,
-1.2926852,36.8170355,Dagoretti North,Kilimani,garbage point,bin,public land,72.576,,,,,
-1.2926703,36.8170414,Dagoretti North,Kilimani,garbage point,bin,public land,37.445,,,,,
-1.2924916,36.8380938,Starehe,Landimawe,garbage point,illegal dumping,public land,4.162,,,Illegal dumping on public land owned by Kenya Railways Cooperation,Illegal dumping on public land owned by Kenya Railways Cooperation,Illegal dumping on public land owned by Kenya Railways Cooperation
-1.2923338,36.8157833,Dagoretti North,Kilimani,garbage point,bin,public land,95.053,,,,,
-1.2920372,36.820513,Dagoretti North,Kilimani,garbage point,bin,public land,31.62,,,,,
-1.2919776,36.9014058,Embakasi East,Upper Savanna,garbage point,illegal dumping,public land,4.708,,,,,
-1.2919595,36.8151344,Dagoretti North,Kilimani,garbage point,bin,public land,87.6,,,,,
-1.2919144,36.8203624,Dagoretti North,Kilimani,garbage point,bin,public land,29.584,,,,,
-1.2919096,36.8201881,Dagoretti North,Kilimani,garbage point,bin,public land,34.261,,,,,
-1.2916378,36.9016224,Embakasi East,Upper Savanna,garbage point,illegal dumping,public land,5.0,,,,,
-1.291486,36.9010211,Embakasi East,Upper Savanna,garbage point,illegal dumping,public land,4.103,,,,,
-1.29134,36.8153534,Dagoretti North,Kilimani,garbage point,bin,public land,9.0,,,,,
-1.2912185,36.9019783,Embakasi East,Upper Savanna,garbage point,illegal dumping,public land,5.0,,,,,
-1.291214,36.815647,Dagoretti North,Kilimani,garbage point,bin,public land,8.2,,,,,
-1.2909785,36.8708978,Makadara,Harambee,garbage point,holding ground,public land,3.933,,,,,
-1.2909425,36.8159735,Dagoretti North,Kilimani,garbage point,bin,public land,9.2,,,,,
-1.290654,36.8156986,Dagoretti North,Kilimani,garbage point,bin,public land,7.9,,,,,
-1.2905405,36.90448,Embakasi East,Upper Savanna,garbage point,illegal dumping,public land,4.845,,,,,
-1.2903465,36.8162103,Dagoretti North,Kilimani,garbage point,bin,public land,7.966,,,,,
-1.290295,36.818525,Dagoretti North,Kilimani,garbage point,bin,public land,374.653,,,,,
-1.2902656,36.814314,Dagoretti North,Kilimani,garbage point,illegal dumping,public land,8.733,,,,,
-1.2902017,36.8155183,Dagoretti North,Kilimani,garbage point,bin,public land,154.569,,,,,
-1.2901375,36.8155537,Dagoretti North,Kilimani,garbage point,bin,public land,6.35,,,,,
-1.2901315,36.9019066,Embakasi East,Upper Savanna,garbage point,illegal dumping,public land,4.916,,,,,
-1.2900764,36.8161154,Dagoretti North,Kilimani,garbage point,bin,public land,9.94,,,,,
-1.2899599,36.8121686,Dagoretti North,Kilimani,garbage point,illegal dumping,public land,6.46,,,,,
-1.2899407,36.8120801,Dagoretti North,Kilimani,garbage point,illegal dumping,public land,15.213,,,,,
-1.289858,36.7769815,Dagoretti North,Kileleshwa,garbage point,bin,private,4.93,,,,,
-1.2898132,36.8463177,Kamukunji,Pumwani,garbage point,holding ground,public land,2.885,,,Need for collection,,Need for collection
-1.2897639,36.8168786,Dagoretti North,Kilimani,garbage point,bin,public land,3.7,,,,,
-1.2896746,36.846725,Kamukunji,Pumwani,garbage point,collection point,public land,2.685,,,Need to be collected,,Need to be collected
-1.2896717,36.9027878,Embakasi East,Upper Savanna,garbage point,illegal dumping,private,4.592,,,An action to be taken here,,An action to be taken here
-1.2891321,36.8231647,Dagoretti North,Kilimani,garbage point,collection point,public land,87.6,,,,,
-1.2888819,36.8900394,Embakasi West,Umoja I,garbage point,collection point,community,3.433,,,,,
-1.288819,36.8152232,Dagoretti North,Kilimani,garbage point,bin,public land,3.542,,,,,
-1.2888174,36.8030329,Dagoretti North,Kilimani,garbage point,holding ground,public land,38.471,,,,,
-1.2887488,36.8151962,Dagoretti North,Kilimani,garbage point,bin,public land,3.8,,,,,
-1.2887447,36.8230603,Dagoretti North,Kilimani,garbage point,bin,public land,76.927,,,,,
-1.2886789,36.8151163,Dagoretti North,Kilimani,garbage point,collection point,public land,4.55,,,,,
-1.2883027,36.8029296,Dagoretti North,Kilimani,garbage point,illegal dumping,public land,10.855,,,,,
-1.288192,36.8346271,Starehe,Nairobi Central,garbage point,collection point,public land,2.448,,,A big hip it needs urgent collection,,A big hip it needs urgent collection
-1.2881031,36.8744543,Makadara,Harambee,garbage point,holding ground,public land,4.3,,,,,
-1.2880974,36.8449461,Kamukunji,Pumwani,garbage point,illegal dumping,public land,1.179,,,Illegal dumping ground,,Illegal dumping ground
-1.2879588,36.9045592,Embakasi East,Upper Savanna,garbage point,illegal dumping,public land,4.824,,,,,
-1.2876946,36.8162309,Dagoretti North,Kilimani,garbage point,bin,public land,2.383,,,,,
-1.2876224,36.83121,Starehe,Nairobi Central,garbage point,collection point,public land,1.776,,,The state is not that bad,,The state is not that bad
-1.2875991,36.8116065,Dagoretti North,Kilimani,garbage point,holding ground,public land,18.518,,,,,
-1.2874497,36.8141114,Dagoretti North,Kilimani,garbage point,bin,private,86.896,,,,,
-1.2874326,36.8114486,Dagoretti North,Kilimani,garbage point,collection point,public land,3.9,,,,,
-1.2873933,36.8284366,Starehe,Nairobi Central,garbage point,illegal dumping,public land,5.5,,,,,
-1.2872934,36.7480036,Dagoretti North,Kawangware,garbage point,collection point,public land,2.2,,,,,
-1.287193,36.7478689,Dagoretti North,Kawangware,garbage point,collection point,public land,4.05,,,The site should be rehabilitated and later moved,,The site should be rehabilitated and later moved
-1.2871353,36.8731751,Makadara,Harambee,garbage point,holding ground,public land,2.662,,,,,
-1.2870378,36.8445479,Kamukunji,Pumwani,garbage point,illegal dumping,public land,5.482,,,Illegally dumped solid waste in Nairobi river,,Illegally dumped solid waste in Nairobi river
-1.286894,36.8531731,Kamukunji,Eastleigh South,garbage point,bin,private,5.473,,,,,
-1.2865498,36.813463,Dagoretti North,Kilimani,garbage point,collection point,public land,62.097,,,,,
-1.2863409,36.8190605,Dagoretti North,Kilimani,garbage point,bin,public land,90.51,,,,,
-1.2861135,36.8884285,Embakasi West,Umoja I,garbage point,illegal dumping,community,5.0,,,,,
-1.2859524,36.8138444,Dagoretti North,Kilimani,garbage point,illegal dumping,public land,13.28,,,Should be closed,,Should be closed
-1.2857007,36.7548079,Dagoretti North,Gatina,garbage point,illegal dumping,public land,22.945,,,,,
-1.2854844,36.8704129,Makadara,Harambee,garbage point,holding ground,public land,4.886,,,,,
-1.2852059,36.8466641,Kamukunji,Pumwani,garbage point,collection point,public land,0.917,,,Need to be cleared,,Need to be cleared
-1.2848683,36.9000675,Embakasi East,Upper Savanna,garbage point,illegal dumping,public land,4.768,,,,,
-1.2845805,36.9005236,Embakasi East,Upper Savanna,garbage point,illegal dumping,public land,4.673,,,,,
-1.2844586,36.8122551,Dagoretti North,Kilimani,garbage point,illegal dumping,public land,30.874,,,,,
-1.2843553,36.7420489,Dagoretti North,Kawangware,garbage point,illegal dumping,public land,3.86,,,,,
-1.2843522,36.7420573,Dagoretti North,Kawangware,garbage point,illegal dumping,public land,2.566,,,,,
-1.2842961,36.745881,Dagoretti North,Kabiro,garbage point,illegal dumping,public land,3.56,,,,,
-1.2842122,36.8724757,Makadara,Harambee,garbage point,collection point,public land,4.35,,,,,
-1.2841664,36.8203314,Starehe,Nairobi Central,garbage point,collection point,public land,1.936,,,Not bad state though no proper arrangement of the skips,No proper arrangement of the skips,No proper arrangement of the skips | Not bad state though no proper arrangement of the skips
-1.2841625,36.8278784,Starehe,Nairobi Central,garbage point,bin,other,5.44,,luthuli avenue,,,
-1.2837206,36.812066,Dagoretti North,Kilimani,garbage point,illegal dumping,public land,32.27,,,,,
-1.2837155,36.8458503,Kamukunji,Pumwani,garbage point,holding ground,private,1.642,,,Need to collect the waste frequently,,Need to collect the waste frequently
-1.2836732,36.828936,Starehe,Nairobi Central,garbage point,collection point,public land,7.78,,,,,
-1.2836186,36.8860834,Embakasi West,Umoja I,garbage point,holding ground,public land,2.46,,,,,
-1.2835193,36.8118343,Dagoretti North,Kilimani,garbage point,bin,public land,98.4,,,,,
-1.2835142,36.8913807,Embakasi West,Umoja II,garbage point,collection point,public land,4.64,,,Power Line,,Power Line
-1.2834257,36.8878042,Embakasi West,Umoja I,garbage point,holding ground,public land,4.112,,,,,
-1.2833756,36.7534854,Dagoretti North,Gatina,garbage point,illegal dumping,public land,4.125,,,,,
-1.2832806,36.7535436,Dagoretti North,Gatina,garbage point,illegal dumping,public land,4.618,,,,,
-1.2832032,36.9025806,Embakasi East,Upper Savanna,garbage point,illegal dumping,public land,4.876,,,,,
-1.2831961,36.8234735,Starehe,Nairobi Central,garbage point,bin,public land,5.8,,,,,
-1.2831811,36.8917351,Embakasi West,Umoja I,garbage point,collection point,community,4.62,,,,,
-1.2830023,36.8121465,Dagoretti North,Kilimani,garbage point,illegal dumping,public land,43.238,,,,,
-1.2827645,36.6900618,Dagoretti South,Uthiru/Ruthimitu,garbage point,holding ground,public land,3.425,,,Well maintained,,Well maintained
-1.2827391,36.8890729,Embakasi West,Umoja I,garbage point,bin,public land,4.6,,,,,
-1.2826438,36.8105279,Dagoretti North,Kilimani,garbage point,bin,private,3.55,,,Community,,Community
-1.282558,36.8105616,Dagoretti North,Kilimani,garbage point,bin,private,12.048,,,Community bin,,Community bin
-1.2819117,36.8093812,Dagoretti North,Kilimani,garbage point,illegal dumping,public land,1200.0,,,,,
-1.2818741,36.7484735,Dagoretti North,Gatina,garbage point,illegal dumping,public land,4.564,,,.,,.
-1.281856,36.8243665,Starehe,Nairobi Central,garbage point,bin,other,5.8,,lagos depot,,,
-1.2818451,36.8242323,Starehe,Nairobi Central,garbage point,bin,other,5.7,,nccg,,,
-1.2818174,36.8123649,Dagoretti North,Kilimani,garbage point,illegal dumping,public land,32.995,,,,,
-1.2817897,36.7425421,Dagoretti North,Kawangware,garbage point,illegal dumping,public land,3.14,,,,,
-1.2816387,36.8139439,Dagoretti North,Kilimani,garbage point,bin,public land,33.101,,,,,
-1.2815529,36.8121018,Dagoretti North,Kilimani,garbage point,bin,public land,59.122,,,,,
-1.2813901,36.8257733,Starehe,Nairobi Central,garbage point,bin,public land,5.816,,,,,
-1.2813768,36.6956071,Dagoretti South,Uthiru/Ruthimitu,garbage point,illegal dumping,public land,10.566,,,No comment,,No comment
-1.2810564,36.742515,Dagoretti North,Kawangware,garbage point,collection point,public land,5.0,,,The site is illegal and should be cleared,,The site is illegal and should be cleared
-1.2806088,36.7494674,Dagoretti North,Gatina,garbage point,illegal dumping,public land,4.46,,,,,
-1.2805603,36.7159928,Dagoretti South,Waithaka,garbage point,other,private,24.207,Illegal discharge,,Discharge from residential plots,,Discharge from residential plots
-1.2805135,36.8104084,Dagoretti North,Kilimani,garbage point,bin,public land,9.6,,,,,
-1.2803726,36.7157841,Dagoretti South,Waithaka,garbage point,illegal dumping,public land,1.697,,,Illegal dumping from mkokoteni users,,Illegal dumping from mkokoteni users
-1.2800941,36.8091207,Dagoretti North,Kilimani,garbage point,holding ground,private,29.075,,,,,
-1.2798925,36.7515692,Dagoretti North,Gatina,garbage point,collection point,public land,4.84,,,Dada Mary collection point,Dada Mary collection point,Dada Mary collection point
-1.2798675,36.7515727,Dagoretti North,Gatina,garbage point,collection point,public land,2.4,,,,,
-1.2794467,36.8296489,Starehe,Ngara,garbage point,holding ground,community,4.2,,,,,
-1.2794313,36.7509432,Dagoretti North,Kabiro,garbage point,illegal dumping,private,4.875,,,,,
-1.2792773,36.8182501,Starehe,Nairobi Central,garbage point,collection point,public land,31.756,,,The place is in a good state,,The place is in a good state
-1.279144,36.7508754,Dagoretti North,Kabiro,garbage point,illegal dumping,private,3.08,,,,,
-1.2791149,36.8329836,Starehe,Ngara,garbage point,collection point,public land,5.0,,,,,
-1.2790315,36.8307621,Starehe,Ngara,garbage point,illegal dumping,public land,4.7,,,,,
-1.2789976,36.8986742,Embakasi West,Umoja II,garbage point,illegal dumping,public land,4.8,,,,,
-1.2788262,36.8106168,Dagoretti North,Kilimani,garbage point,holding ground,private,16.492,,,,,
-1.2786228,36.8461949,Kamukunji,Eastleigh North,garbage point,collection point,public land,4.828,,,,,
-1.2780985,36.89564,Embakasi West,Umoja II,garbage point,illegal dumping,public land,4.96,,,,,
-1.2778502,36.8304212,Starehe,Ngara,garbage point,illegal dumping,public land,4.9,,,,,
-1.2769539,36.8277829,Starehe,Ngara,garbage point,holding ground,public land,3.7,,,,,
-1.2768198,36.9212858,Embakasi Central,Kayole North Central,garbage point,collection point,public land,5.0,,,It's an important point that helps in waste management within Embakasi Central,,It's an important point that helps in waste management within Embakasi Central
-1.2768044,36.7913661,Dagoretti North,Kileleshwa,garbage point,holding ground,public land,3.987,,,"1.Classification bins should be put to ensure environmental cleanliness.
2.Boundaries should be put to avoid spillage
3.Collection should be done regularly to avoid forming a dumpsite.",,"1.Classification bins should be put to ensure environmental cleanliness.
2.Boundaries should be put to avoid spillage
3.Collection should be done regularly to avoid forming a dumpsite."
-1.2766305,36.8224943,Starehe,Ngara,garbage point,illegal dumping,public land,4.3,,,,,
-1.2760299,36.8251251,Starehe,Ngara,garbage point,illegal dumping,public land,4.4,,,,,
-1.2759823,36.7924824,Dagoretti North,Kileleshwa,garbage point,bin,private,4.92,,,,,
-1.2759579,36.8190213,Starehe,Ngara,garbage point,illegal dumping,public land,5.0,,,,,
-1.2757681,36.8299351,Starehe,Ngara,garbage point,illegal dumping,community,4.833,,,,,
-1.275641,36.8225987,Starehe,Ngara,garbage point,holding ground,public land,4.9,,,,,
-1.2756383,36.886252,Embakasi West,Mowlem,garbage point,bin,public land,4.5,,,More bins to be utilised for the temporary holding of garbage from the market,,More bins to be utilised for the temporary holding of garbage from the market
-1.2751579,36.8233654,Starehe,Ngara,garbage point,illegal dumping,public land,4.6,,,,,
-1.2739626,36.7505761,Westlands,Mountain View,garbage point,illegal dumping,public land,3.85,,,,,
-1.2737232,36.7509314,Westlands,Mountain View,garbage point,illegal dumping,public land,2.907,,,,,
-1.273634,36.7887772,Dagoretti North,Kileleshwa,garbage point,holding ground,private,4.75,,,,,
-1.2736144,36.7886513,Dagoretti North,Kileleshwa,garbage point,holding ground,private,4.755,,,,,
-1.2735007,36.8840086,Embakasi West,Mowlem,garbage point,other,community,4.9,Proposed material recovery facility site,,When utilised will provide space for recycling,,When utilised will provide space for recycling
-1.273354,36.8878402,Embakasi West,Mowlem,garbage point,illegal dumping,community,33.312,,,Health hazard,,Health hazard
-1.2726043,36.8265547,Starehe,Ngara,garbage point,other,private,4.7,Handcart,,,,
-1.2724767,36.8934208,Embakasi West,Mowlem,garbage point,illegal dumping,public land,7.0,,,Road side dumping,,Road side dumping
-1.2724559,36.8283543,Starehe,Ngara,garbage point,illegal dumping,community,4.166,,,,,
-1.2720478,36.8839119,Embakasi West,Mowlem,garbage point,collection point,private,13.72,,,,,
-1.2715148,36.8503833,Kamukunji,Airbase,garbage point,holding ground,public land,4.901,,,,,
-1.2715068,36.8322526,Starehe,Ngara,garbage point,holding ground,public land,4.6,,,,,
-1.2713815,36.7466516,Westlands,Mountain View,garbage point,illegal dumping,public land,1.716,,,,,
-1.271058,36.7483622,Westlands,Mountain View,garbage point,illegal dumping,public land,3.744,,,Clear illegal dumping through sensitization and enforcement,,Clear illegal dumping through sensitization and enforcement
-1.2708565,36.923983,Embakasi Central,Kayole North,garbage point,collection point,public land,4.9,,,The area is a good holding point for waste from across the subcounty,The area is a good holding point for waste from across the subcounty,The area is a good holding point for waste from across the subcounty
-1.2707918,36.7493012,Westlands,Mountain View,garbage point,illegal dumping,public land,4.228,,,,,
-1.270506,36.8923014,Embakasi West,Mowlem,garbage point,holding ground,public land,7.88,,,,,
-1.269929,36.7492866,Westlands,Mountain View,garbage point,illegal dumping,public land,4.325,,,,,
-1.2696338,36.7498136,Westlands,Mountain View,garbage point,illegal dumping,public land,4.1,,,,,
-1.2685683,36.8942205,Embakasi West,Mowlem,garbage point,holding ground,other,11.575,,estate road side,This holding point makes the place to smell so bad,,This holding point makes the place to smell so bad
-1.2684499,36.7485108,Westlands,Mountain View,garbage point,illegal dumping,public land,4.6,,,,,
-1.268234,36.991321,Kasarani,Ruai,garbage point,illegal dumping,private,4.72,,,,,
-1.2677658,36.8898399,Embakasi West,Mowlem,garbage point,illegal dumping,public land,4.36,,,Adversely affecting the community,,Adversely affecting the community
-1.267265,36.8914001,Embakasi West,Mowlem,garbage point,illegal dumping,public land,4.88,,,,,
-1.2671017,36.8970867,Embakasi West,Mowlem,garbage point,holding ground,other,4.05,,roadside,,roadside,roadside
-1.2668533,36.8917227,Embakasi West,Mowlem,garbage point,holding ground,public land,4.283,,,,,
-1.2660823,36.8495484,Mathare,Mlango Kubwa,garbage point,collection point,public land,3.97,,,It's along the road,,It's along the road
-1.2658973,36.8036383,Westlands,Parklands/Highridge,garbage point,illegal dumping,public land,4.9,,,,,
-1.2658033,36.8959999,Embakasi West,Mowlem,garbage point,holding ground,other,4.05,,roadside,,roadside,roadside
-1.2657041,36.8926873,Embakasi West,Mowlem,garbage point,holding ground,public land,4.6,,,,,
-1.2655651,36.8927449,Embakasi West,Mowlem,garbage point,illegal dumping,public land,3.9,,,,,
-1.2655541,36.7319662,Westlands,Mountain View,garbage point,illegal dumping,public land,4.987,,,,,
-1.2653798,36.8960844,Embakasi West,Mowlem,garbage point,holding ground,other,4.44,,road reserves,,road reserves,road reserves
-1.2648678,36.8286313,Westlands,Karura,garbage point,collection point,public land,1.935,,,When filled it's always collected,,When filled it's always collected
-1.2648432,36.8051832,Westlands,Parklands/Highridge,garbage point,collection point,private,4.774,,,Owned by Gentleman's Club,Owned by Gentleman's Club,Owned by Gentleman's Club
-1.2647955,36.8956402,Embakasi West,Mowlem,garbage point,illegal dumping,public land,4.683,,,,,
-1.2647767,36.89563,Embakasi West,Mowlem,garbage point,holding ground,public land,3.9,,,,,
-1.2646933,36.89556,Embakasi West,Mowlem,garbage point,holding ground,public land,4.8,,,,,
-1.2645188,36.801868,Westlands,Parklands/Highridge,garbage point,illegal dumping,public land,4.9,,,,,
-1.2645124,36.7482558,Westlands,Kangemi,garbage point,holding ground,public land,4.466,,,,,
-1.2644987,36.7493307,Westlands,Kangemi,garbage point,illegal dumping,public land,4.014,,,,,
-1.2643758,36.8022771,Westlands,Parklands/Highridge,garbage point,bin,public land,4.74,,,,,
-1.2643655,36.8061025,Westlands,Parklands/Highridge,garbage point,illegal dumping,public land,4.9,,,,,
-1.2643534,36.806041,Westlands,Parklands/Highridge,garbage point,illegal dumping,public land,4.9,,,,,
-1.264347,36.853016,Mathare,Mlango Kubwa,garbage point,illegal dumping,other,10.087,,illegal dumping by non compliant cbos,Illegal dumping site to be closed,,Illegal dumping site to be closed
-1.2642668,36.7474526,Westlands,Kangemi,garbage point,illegal dumping,public land,4.1,,,,,
-1.2642321,36.8796347,Embakasi West,Kariobangi,garbage point,illegal dumping,public land,6.5,,,,,
-1.2640979,36.8078478,Westlands,Parklands/Highridge,garbage point,illegal dumping,public land,4.78,,,,,
-1.2638393,36.7291608,Westlands,Mountain View,garbage point,collection point,public land,4.516,,,,,
-1.2637589,36.8939922,Embakasi West,Mowlem,garbage point,holding ground,public land,4.84,,,,,
-1.2637078,36.8076772,Westlands,Parklands/Highridge,garbage point,other,private,4.9,Material Recovery Facility,,,,
-1.2637033,36.8078105,Westlands,Parklands/Highridge,garbage point,illegal dumping,public land,4.9,,,,,
-1.2636715,36.8163487,Westlands,Parklands/Highridge,garbage point,collection point,public land,4.9,,,,,
-1.2634885,36.8163621,Westlands,Parklands/Highridge,garbage point,illegal dumping,public land,4.996,,,,,
-1.2632427,36.8066847,Westlands,Parklands/Highridge,garbage point,illegal dumping,public land,4.9,,,,,
-1.2632227,36.8947822,Embakasi West,Mowlem,garbage point,holding ground,public land,4.84,,,,,
-1.2631317,36.9095446,Embakasi Central,Komarock,garbage point,illegal dumping,private,4.546,,,Measures are in place to cub the illegal dumping but no success yet,,Measures are in place to cub the illegal dumping but no success yet
-1.2629185,36.8258686,Westlands,Karura,garbage point,bin,private,4.818,,,Frequently emptied,,Frequently emptied
-1.2629124,36.8284709,Westlands,Karura,garbage point,bin,public land,1.302,,,It controls illegal dumping,,It controls illegal dumping
-1.2623178,36.8943004,Embakasi West,Mowlem,garbage point,holding ground,public land,4.9,,,,,
-1.2621216,36.88243,Embakasi North,Kariobangi North,garbage point,illegal dumping,other,4.637,,besides the river bank,"Illegal dumping is a menace, sensitization and creation of awareness to be intensified to curb illegal dumping esp on our water catchment areas",,"Illegal dumping is a menace, sensitization and creation of awareness to be intensified to curb illegal dumping esp on our water catchment areas"
-1.2621119,36.826925,Westlands,Karura,garbage point,collection point,public land,2.228,,,Garbage is collected frequently,,Garbage is collected frequently
-1.26204,36.8835639,Embakasi West,Kariobangi,garbage point,illegal dumping,public land,4.0,,,,,
-1.2607632,36.7121977,Dagoretti South,Uthiru/Ruthimitu,garbage point,holding ground,public land,3.5,,,,,
-1.2602614,36.8840281,Ruaraka,Korogocho,garbage point,holding ground,community,2.36,,,timely garbage collection needed,,timely garbage collection needed
-1.2599769,36.8720044,Mathare,Huruma,garbage point,collection point,public land,4.931,,,,,
-1.259897,36.87202,Mathare,Ngei,garbage point,collection point,public land,4.264,,,,,
-1.2598909,36.8617032,Ruaraka,Utalii,garbage point,illegal dumping,public land,4.453,,,the community members were requesting if they can be given these as a collection point,,the community members were requesting if they can be given these as a collection point
-1.2589289,36.8619727,Ruaraka,Utalii,garbage point,illegal dumping,public land,4.794,,,,,
-1.2588185,36.8755855,Mathare,Kiamaiko,garbage point,collection point,public land,3.85,,,,,
-1.2585616,36.8174886,Westlands,Parklands/Highridge,garbage point,holding ground,private,4.384,,,Majorly holds organic waste from the market,,Majorly holds organic waste from the market
-1.2579407,36.8632002,Ruaraka,Utalii,garbage point,illegal dumping,community,4.043,,,,,
-1.2576104,36.8241615,Westlands,Parklands/Highridge,garbage point,illegal dumping,public land,4.9,,,,,
-1.2574846,36.8157753,Westlands,Parklands/Highridge,garbage point,illegal dumping,public land,4.054,,,,,
-1.2571178,36.8670509,Mathare,Ngei,garbage point,illegal dumping,public land,4.451,,,,,
-1.2565195,36.8653699,Ruaraka,Mathare North,garbage point,illegal dumping,other,4.36,,riparian reserve,,,
-1.2564786,36.9280428,Embakasi Central,Matopeni/ Spring Valley,garbage point,illegal dumping,public land,4.911,,,The illegal dumping is along Spring valley/Matopeni Canal,,The illegal dumping is along Spring valley/Matopeni Canal
-1.2563627,36.8644917,Ruaraka,Utalii,garbage point,collection point,public land,3.844,,,,,
-1.2563213,36.9305049,Embakasi Central,Matopeni/ Spring Valley,garbage point,illegal dumping,public land,4.325,,,,,
-1.2560902,36.8717668,Mathare,Huruma,garbage point,collection point,public land,3.858,,,,,
-1.2556586,36.8827745,Embakasi North,Kariobangi North,garbage point,holding ground,other,4.805,,roadside,Requires prompt collection and getting an alternative holding/collection point,,Requires prompt collection and getting an alternative holding/collection point
-1.255025,36.8126527,Westlands,Parklands/Highridge,garbage point,illegal dumping,public land,5.176,,,,,
-1.2549979,36.812414,Westlands,Parklands/Highridge,garbage point,illegal dumping,public land,4.386,,,,,
-1.2549464,36.8110217,Westlands,Parklands/Highridge,garbage point,illegal dumping,public land,4.9,,,,,
-1.2548361,36.8128613,Westlands,Parklands/Highridge,garbage point,illegal dumping,public land,4.9,,,,,
-1.2545723,36.8688114,Ruaraka,Mathare North,garbage point,collection point,public land,4.704,,,,,
-1.2544562,36.8137,Westlands,Parklands/Highridge,garbage point,illegal dumping,public land,4.9,,,,,
-1.2544316,36.8142671,Westlands,Parklands/Highridge,garbage point,illegal dumping,public land,4.9,,,,,
-1.2538689,36.8148307,Westlands,Parklands/Highridge,garbage point,collection point,public land,4.597,,,,,
-1.2537296,36.9173243,Kasarani,Njiru,garbage point,collection point,public land,2.816,,,,,
-1.2536089,36.8702433,Ruaraka,Mathare North,garbage point,collection point,public land,4.709,,,,,
-1.2525338,36.8812655,Embakasi North,Kariobangi North,garbage point,holding ground,other,3.878,,roadside,"Not a good site, unhealthy and would require prompt collection on a regular basis",,"Not a good site, unhealthy and would require prompt collection on a regular basis"
-1.251933,36.8871655,Ruaraka,Korogocho,garbage point,illegal dumping,public land,4.7,,,,,
-1.2516418,36.8748313,Ruaraka,Mathare North,garbage point,collection point,public land,3.859,,,area 1,,area 1
-1.2514447,36.8697621,Ruaraka,Utalii,garbage point,collection point,public land,4.114,,,,,
-1.2512006,36.9034719,Embakasi North,Dandora Area III,garbage point,collection point,private,2.95,,,,,
-1.2510138,36.9043427,Embakasi North,Dandora Area III,garbage point,illegal dumping,other,4.7,,along cllr opudo road,Waste to be cleared and monitoring and enforcement to be continued,along cllr opudo road,along cllr opudo road | Waste to be cleared and monitoring and enforcement to be continued
-1.2488711,36.8839217,Ruaraka,Korogocho,garbage point,collection point,public land,4.9,,,in good condition,,in good condition
-1.2487177,36.8855987,Ruaraka,Babadogo,garbage point,illegal dumping,public land,3.43,,,not good,,not good
-1.2485817,36.9452734,Kasarani,Njiru,garbage point,collection point,public land,3.7,,,,,
-1.247923,36.8927516,Ruaraka,Korogocho,garbage point,illegal dumping,public land,4.625,,,,,
-1.2467283,36.9051687,Embakasi North,Dandora Area III,garbage point,illegal dumping,other,3.99,,along tom mboya primary school perimeter wall,Illegal dumping should be eliminated,along tom mboya primary school perimeter wall,along tom mboya primary school perimeter wall | Illegal dumping should be eliminated
-1.2462212,36.9040728,Embakasi North,Dandora Area III,garbage point,other,other,2.4,Illegal dumping and burning of waste,along john osogo road,Garbage to be cleared and awareness creation and enforcement,along john osogo road,along john osogo road | Garbage to be cleared and awareness creation and enforcement
-1.2461571,36.9042166,Embakasi North,Dandora Area III,garbage point,illegal dumping,other,3.2,,along john osogo road,Garbage to be cleared and monitoring and enforcement to continue,along john osogo road,along john osogo road | Garbage to be cleared and monitoring and enforcement to continue
-1.2459867,36.9056418,Embakasi North,Dandora Area III,garbage point,illegal dumping,other,4.976,,near dandora stadium entrance,Dumping should be cleared and monitoring/enforcement to be continued,near dandora stadium entrance,near dandora stadium entrance | Dumping should be cleared and monitoring/enforcement to be continued
-1.2459695,36.904452,Embakasi North,Dandora Area III,garbage point,illegal dumping,other,4.965,,along john osogo road,Garbage to be cleared and monitoring and enforcement to be continued,along john osogo road,along john osogo road | Garbage to be cleared and monitoring and enforcement to be continued
-1.2457254,36.8681935,Ruaraka,Babadogo,garbage point,illegal dumping,other,4.972,,road reserve,,,
-1.245662,36.8886906,Ruaraka,Babadogo,garbage point,illegal dumping,private,3.43,,,glucola,,glucola
-1.2451182,36.9052058,Embakasi North,Dandora Area III,garbage point,bin,other,3.4,,dandora stadium,,,
-1.245047,36.8680817,Ruaraka,Babadogo,garbage point,illegal dumping,other,4.363,,under a foot bridge,,,
-1.2450083,36.8681046,Ruaraka,Babadogo,garbage point,illegal dumping,public land,4.466,,,bad shape,,bad shape
-1.2447516,36.9053769,Embakasi North,Dandora Area III,garbage point,bin,other,2.566,,dandora stadium,,,
-1.2446643,36.8956776,Ruaraka,Korogocho,garbage point,holding ground,community,4.975,,,,,
-1.2445547,36.8959386,Ruaraka,Korogocho,garbage point,illegal dumping,public land,3.883,,,,,
-1.2440134,36.8961081,Ruaraka,Korogocho,garbage point,other,public land,4.5,Untreated discharge into the river,,,,
-1.2414209,36.8828418,Ruaraka,Babadogo,garbage point,illegal dumping,public land,3.859,,,laundry next to tread setters,,laundry next to tread setters
-1.2411533,36.8783948,Ruaraka,Babadogo,garbage point,collection point,public land,4.931,,,good,,good
-1.2402372,36.9344579,Kasarani,Mwiki,garbage point,collection point,private,4.875,,,,,
-1.2250123,36.8834075,Roysambu,Roysambu,garbage point,holding ground,private,4.866,,,,,
-1.2250014,36.8826249,Starehe,Ziwani/ Kariokor,garbage point,bin,private,4.9,,,Its in good condition,,Its in good condition
-1.2249867,36.8831184,Starehe,Landimawe,garbage point,bin,private,48.249,,,Helps keep the environment litter-free.,,Helps keep the environment litter-free.
-1.2249642,36.8832399,Kibra,Woodley/Kenyatta Golf Course,garbage point,illegal dumping,public land,4.666,,,,,
-1.2249504,36.8826902,Dagoretti North,Gatina,garbage point,bin,public land,3.214,,,,,
-1.2249247,36.8831825,Westlands,Parklands/Highridge,garbage point,bin,private,0.901,,,"Good to go
",,"Good to go
"
-1.2249195,36.8826151,Kibra,Woodley/Kenyatta Golf Course,garbage point,bin,public land,4.997,,,,,
-1.224918,36.8826117,Embakasi Central,Komarock,garbage point,bin,private,3.375,,,,,
-1.2249018,36.8827493,Kamukunji,Airbase,garbage point,bin,private,4.613,,,Great,,Great
-1.2248981,36.8826214,Embakasi East,Lower Savanna,garbage point,bin,private,9.86,,,Very well,,Very well
-1.2248936,36.8826693,Roysambu,Garden Estate,garbage point,bin,private,4.8,,,neat,,neat
-1.2248887,36.8826315,Embakasi Central,Komarock,garbage point,bin,private,4.814,,,Properly placed,,Properly placed
-1.224886,36.8826366,Starehe,Nairobi Central,garbage point,bin,private,6.166,,,Well maintained,,Well maintained
-1.2248837,36.8825889,Roysambu,Roysambu,garbage point,bin,private,4.833,,,collection is well done,,collection is well done
-1.2248799,36.882662,Embakasi North,Dandora Area IV,garbage point,bin,private,4.4,,,The bin is clean.,,The bin is clean.
-1.2248754,36.8827031,Roysambu,Roysambu,garbage point,bin,private,4.45,,,well maintained,,well maintained
-1.2248737,36.8826808,Kasarani,Njiru,garbage point,bin,community,4.825,,,Private,,Private
-1.2248675,36.8826285,Roysambu,Roysambu,garbage point,bin,private,4.716,,,,,
-1.2248668,36.8827205,Starehe,Nairobi Central,garbage point,holding ground,private,4.76,,,,,
-1.224866,36.882686,Embakasi East,Embakasi,garbage point,bin,private,4.14,,,,,
-1.2248647,36.8826555,Kibra,Makina,garbage point,bin,private,6.0,,,,,
-1.224863,36.8827121,Embakasi South,Pipeline,garbage point,bin,private,4.633,,,Very nice to use,,Very nice to use
-1.2248364,36.8826611,Roysambu,Roysambu,garbage point,collection point,private,4.764,,,alright,,alright
-1.2248162,36.8825423,Ruaraka,Mathare North,garbage point,bin,private,4.462,,,the bin is well placed,,the bin is well placed
-1.2237755,36.8826562,Roysambu,Roysambu,garbage point,bin,private,3.068,,,improve on waste segregation,,improve on waste segregation
-1.2237655,36.882459,Embakasi West,Umoja I,garbage point,bin,private,3.74,,,Well placed in strategic place.,,Well placed in strategic place.
-1.2237436,36.882805,Roysambu,Roysambu,garbage point,bin,private,4.974,,,strategically placed,,strategically placed
-1.2237211,36.8825023,Lang'ata,Karen,garbage point,bin,private,3.663,,,,,
-1.2237206,36.8825131,Dagoretti South,Riruta,garbage point,holding ground,community,4.049,,,No waste segregation at the point,No waste segregation at the point,No waste segregation at the point
-1.2237196,36.8824665,Starehe,Ngara,garbage point,bin,community,4.11,,,,,
-1.2236955,36.8825261,Lang'ata,Otiende,garbage point,illegal dumping,public land,3.98,,,estimated 200 loads,,estimated 200 loads
-1.2236882,36.8825808,Kamukunji,Eastleigh North,garbage point,holding ground,public land,3.798,,,,,
-1.2236684,36.8825173,Roysambu,Githurai,garbage point,collection point,private,4.7,,,,,
-1.2236645,36.8834955,Roysambu,Roysambu,garbage point,bin,private,4.1,,,,,
-1.2236557,36.8825109,Kamukunji,Pumwani,garbage point,illegal dumping,public land,4.099,,,Needs to be closed down,,Needs to be closed down
-1.2236543,36.8825406,Mathare,Kiamaiko,garbage point,illegal dumping,public land,4.02,,,Dumping done at night,,Dumping done at night
-1.2236412,36.8824748,Roysambu,Roysambu,garbage point,bin,private,5.575,,,,,
-1.2234446,36.8828897,Roysambu,Roysambu,garbage point,collection point,private,4.863,,,,,
-1.2233499,36.8826284,Roysambu,Roysambu,garbage point,illegal dumping,private,4.672,,,,,
-1.2233018,36.8822765,Roysambu,Roysambu,garbage point,bin,private,3.857,,,,,
-1.2232996,36.8822822,Roysambu,Roysambu,garbage point,bin,private,2.875,,,well maintained,,well maintained
-1.2232815,36.8822966,Kasarani,Kasarani,garbage point,bin,private,4.916,,,,,
-1.2232344,36.8822696,Roysambu,Roysambu,garbage point,illegal dumping,private,4.483,,,,,
-1.2232196,36.8835177,Roysambu,Roysambu,garbage point,collection point,private,12.292,,,,,
-1.2231786,36.8830954,Roysambu,Roysambu,garbage point,bin,private,4.803,,,strategically located,,strategically located
-1.2231541,36.88303,Roysambu,Roysambu,garbage point,holding ground,private,4.633,,,,,
-1.22315,36.8831891,Roysambu,Roysambu,garbage point,holding ground,private,4.52,,,,,
-1.2231262,36.8837076,Roysambu,Roysambu,garbage point,bin,private,4.4,,,,,
-1.2231167,36.88311,Kibra,Makina,garbage point,collection point,private,4.4,,,bin,,bin
-1.2230937,36.8830356,Roysambu,Roysambu,garbage point,bin,private,4.8,,,well maintained,,well maintained
-1.2230835,36.8840197,Lang'ata,South C,garbage point,collection point,private,4.016,,,bin,,bin
-1.2230407,36.884206,Roysambu,Kahawa,garbage point,holding ground,private,4.833,,,to clear the site,,to clear the site
-1.2230395,36.8823278,Roysambu,Roysambu,garbage point,bin,private,4.585,,,,,
-1.223039,36.8831812,Roysambu,Roysambu,garbage point,bin,private,4.85,,,privately owned,,privately owned
-1.2230384,36.8823916,Dagoretti North,Kilimani,garbage point,collection point,private,4.4,,,Bin,,Bin
-1.2230268,36.8841709,Ruaraka,Babadogo,garbage point,illegal dumping,community,4.814,,,stop with immediate effect,,stop with immediate effect
-1.2230223,36.8834122,Roysambu,Roysambu,garbage point,holding ground,private,4.475,,,,,
-1.223022,36.8830507,Kasarani,Clay City,garbage point,collection point,private,4.16,,,The design is good since it's waterproof.,,The design is good since it's waterproof.
-1.2229891,36.8832382,Roysambu,Roysambu,garbage point,holding ground,private,4.908,,,,,
-1.2229858,36.8833376,Kasarani,Kasarani,garbage point,bin,private,4.742,,,,,
-1.2229626,36.8833639,Embakasi West,Kariobangi,garbage point,collection point,private,1.191,,,,,
-1.222952,36.8834222,Lang'ata,Nyayo Highrise,garbage point,other,private,1.478,Manholes,,needs maintainance,,needs maintainance
-1.2229513,36.8840277,Kibra,Woodley/Kenyatta Golf Course,garbage point,holding ground,public land,4.884,,,no water point used,,no water point used
-1.2229507,36.8834351,Roysambu,Roysambu,garbage point,holding ground,public land,5.177,,,,,
-1.2229504,36.8826245,Roysambu,Roysambu,garbage point,other,private,38.244,Septic tank,,,,
-1.2229497,36.8833921,Makadara,Maringo/ Hamza,garbage point,holding ground,public land,4.566,,,,,
-1.222946,36.8823525,Roysambu,Roysambu,garbage point,bin,private,3.35,,,,,
-1.2229407,36.8840775,Lang'ata,Mugumo-ini,garbage point,holding ground,public land,4.82,,,found in a residential area,,found in a residential area
-1.2229359,36.8832132,Roysambu,Roysambu,garbage point,holding ground,private,10.075,,,,,
-1.222935,36.8841392,Lang'ata,Nyayo Highrise,garbage point,collection point,private,4.94,,,needs collection,,needs collection
-1.2229339,36.883461,Roysambu,Roysambu,garbage point,collection point,public land,4.865,,,,,
-1.2229337,36.8834889,Roysambu,Roysambu,garbage point,holding ground,public land,4.363,,,,,
-1.2229237,36.88413,Kasarani,Ruai,garbage point,bin,public land,12.642,,,,,
-1.2229224,36.883226,Roysambu,Roysambu,garbage point,holding ground,public land,3.95,,,needs collection,,needs collection
-1.2229217,36.8823167,Roysambu,Roysambu,garbage point,bin,private,4.5,,,well maintained,,well maintained
-1.2229167,36.8841372,Embakasi East,Utawala,garbage point,illegal dumping,public land,20.0,,,Filthy smell,,Filthy smell
-1.2229159,36.8841798,Embakasi Central,Kayole South,garbage point,illegal dumping,public land,4.755,,,,,
-1.2229148,36.8823055,Kamukunji,Eastleigh North,garbage point,bin,private,4.592,,,,,
-1.2228923,36.8820761,Kasarani,Kasarani,garbage point,bin,private,3.178,,,The bin is artistic,,The bin is artistic
-1.2228921,36.8823804,Starehe,Pangani,garbage point,bin,private,3.1,,,,,
-1.2228703,36.8835249,Roysambu,Roysambu,garbage point,collection point,public land,4.78,,,,,
-1.2228701,36.8823655,Ruaraka,Babadogo,garbage point,bin,private,4.521,,,,,
-1.2228569,36.8823227,Roysambu,Roysambu,garbage point,bin,public land,4.8,,,,,
-1.2228555,36.8823834,Dagoretti South,Uthiru/Ruthimitu,garbage point,bin,private,4.75,,,,,
-1.2228443,36.8823428,Roysambu,Roysambu,garbage point,holding ground,community,4.865,,,the holding point should be cleared after every2 months to avoid spillages,,the holding point should be cleared after every2 months to avoid spillages
-1.222843,36.8823465,Roysambu,Roysambu,garbage point,bin,private,4.571,,,,,
-1.2228417,36.8824023,Roysambu,Roysambu,garbage point,bin,private,4.9,,,well maintained.,,well maintained.
-1.2228389,36.8841396,Embakasi South,Kware,garbage point,holding ground,public land,4.93,,,,,
-1.2228338,36.8818486,Embakasi East,Upper Savanna,garbage point,collection point,other,8.754,,,,,
-1.2228312,36.8824614,Kasarani,Kasarani,garbage point,collection point,private,4.933,,,,,
-1.2228287,36.8823906,Dagoretti North,Gatina,garbage point,bin,private,4.7,,,Okay,,Okay
-1.2228262,36.8827524,Roysambu,Roysambu,garbage point,collection point,private,4.8,,,need of a truck to collect garbage,,need of a truck to collect garbage
-1.2228204,36.8823599,Kamukunji,Airbase,garbage point,bin,private,4.9,,,,,
-1.2228144,36.881808,Kasarani,Njiru,garbage point,bin,private,4.417,,,Helps maintain the compound clean,,Helps maintain the compound clean
-1.2227945,36.8828327,Roysambu,Roysambu,garbage point,holding ground,public land,5.0,,,,,
-1.2227871,36.8827346,Roysambu,Roysambu,garbage point,collection point,public land,5.5,,,collection should be done regularly,,collection should be done regularly
-1.222781,36.8827659,Roysambu,Roysambu,garbage point,holding ground,private,4.48,,,,,
-1.2227601,36.8827259,Roysambu,Roysambu,garbage point,illegal dumping,community,7.106,,,,,
-1.2227564,36.8819295,Embakasi East,Upper Savanna,garbage point,holding ground,community,4.83,,,Needs comments,,Needs comments
-1.2227533,36.8823201,Lang'ata,Nyayo Highrise,garbage point,bin,private,1.036,,,needs collection,,needs collection
-1.22274,36.8827797,Roysambu,Roysambu,garbage point,collection point,private,4.683,,,well maintained,,well maintained
-1.2227363,36.8826213,Ruaraka,Mathare North,garbage point,bin,private,4.6,,,bin,,bin
-1.2227348,36.8826985,Roysambu,Roysambu,garbage point,collection point,private,4.383,,,,,
-1.2227331,36.8827113,Roysambu,Roysambu,garbage point,collection point,community,3.81,,,,,
-1.2227325,36.8823106,Roysambu,Roysambu,garbage point,bin,community,4.672,,,"it is emptied on a weekly basis 
","Emptied on a weekly basis 
","Emptied on a weekly basis 
 | it is emptied on a weekly basis 
"
-1.2227315,36.8827606,Roysambu,Githurai,garbage point,illegal dumping,community,4.9,,,bad,,bad
-1.2227176,36.8842618,Roysambu,Roysambu,garbage point,illegal dumping,public land,4.3,,,,,
-1.2227163,36.8840041,Roysambu,Roysambu,garbage point,holding ground,private,3.366,,,in a good condition,,in a good condition
-1.2227138,36.882639,Ruaraka,Korogocho,garbage point,bin,private,4.58,,,,,
-1.2227107,36.8818598,Embakasi East,Upper Savanna,garbage point,bin,public land,3.055,,,,,
-1.2227062,36.8826192,Kasarani,Kasarani,garbage point,bin,private,4.6,,,,,
-1.2226726,36.8824386,Roysambu,Roysambu,garbage point,illegal dumping,public land,2.998,,,clear and rehabilitate open spaces,,clear and rehabilitate open spaces
-1.2226708,36.8823029,Lang'ata,Nyayo Highrise,garbage point,collection point,private,6.596,,,needs collection,,needs collection
-1.2226654,36.8823125,Dagoretti North,Kawangware,garbage point,collection point,private,4.083,,,Well maintained,,Well maintained
-1.2226635,36.8840204,Roysambu,Roysambu,garbage point,bin,private,4.366,,,not in use,,not in use
-1.2226518,36.8840335,Roysambu,Roysambu,garbage point,collection point,public land,4.983,,,should be cleaned more often,,should be cleaned more often
-1.2226389,36.8825725,Ruaraka,Babadogo,garbage point,bin,private,4.502,,,,,
-1.2226101,36.8818972,Starehe,Pangani,garbage point,bin,private,4.85,,,,,
-1.2226089,36.8823018,Roysambu,Roysambu,garbage point,illegal dumping,public land,4.842,,,negative effects to the environment,,negative effects to the environment
-1.2226073,36.8823016,Makadara,Makongeni,garbage point,bin,community,4.139,,,On a junction of the entrance to the kubaya hall,,On a junction of the entrance to the kubaya hall
-1.2226057,36.8841806,Westlands,Parklands/Highridge,garbage point,collection point,private,4.9,,,There's need for frequent collection to avoid heaping of garbage.,,There's need for frequent collection to avoid heaping of garbage.
-1.2225691,36.8823639,Roysambu,Roysambu,garbage point,illegal dumping,public land,4.9,,,should be collected regularly to reduce heaping.,should be collected regularly to reduce heaping.,should be collected regularly to reduce heaping.
-1.2225661,36.8818254,Roysambu,Roysambu,garbage point,collection point,private,4.396,,,,,
-1.2225501,36.8822781,Starehe,Pangani,garbage point,bin,private,4.988,,,,,
-1.2225383,36.8819367,Dagoretti North,Kawangware,garbage point,bin,private,2.6,,,Very nice,,Very nice
-1.2225318,36.8819036,Roysambu,Roysambu,garbage point,bin,private,3.814,,,,,
-1.2225289,36.8821812,Lang'ata,Nyayo Highrise,garbage point,bin,private,0.738,,,needs cleaning,,needs cleaning
-1.2225233,36.882207,Dagoretti North,Kawangware,garbage point,bin,private,4.866,,,Good,,Good
-1.2225156,36.8821668,Lang'ata,Nyayo Highrise,garbage point,other,private,1.001,Drainage,,needs unblocking,,needs unblocking
-1.2225141,36.8819507,Embakasi Central,Kayole North,garbage point,bin,private,4.713,,,Well maintained,,Well maintained
-1.2225102,36.8818733,Makadara,Harambee,garbage point,holding ground,community,4.005,,,,,
-1.2224923,36.8822317,Ruaraka,Korogocho,garbage point,other,private,4.08,,,,,
-1.2224905,36.8825336,Roysambu,Roysambu,garbage point,illegal dumping,public land,4.828,,,clear and rehabilitate,,clear and rehabilitate
-1.2224879,36.8814542,Kasarani,Kasarani,garbage point,bin,private,8.985,,,,,
-1.2224706,36.8823952,Roysambu,Roysambu,garbage point,illegal dumping,private,1.303,,,,,
-1.2224502,36.881957,Dagoretti South,Uthiru/Ruthimitu,garbage point,bin,private,2.462,,,Strategically placed,,Strategically placed
-1.2224446,36.8819545,Makadara,Makongeni,garbage point,bin,community,4.068,,,,,
-1.2224438,36.8819768,Embakasi East,Mihang'o,garbage point,bin,private,4.983,,,,,
-1.2224366,36.8818641,Roysambu,Roysambu,garbage point,collection point,public land,4.741,,,,,
-1.2224323,36.8819536,Ruaraka,Babadogo,garbage point,bin,private,4.825,,,,,
-1.2224272,36.8822,Ruaraka,Babadogo,garbage point,other,private,4.288,Dump site,,,,
-1.2224117,36.8819907,Roysambu,Roysambu,garbage point,collection point,private,5.0,,,,,
-1.222324,36.8819572,Mathare,Ngei,garbage point,holding ground,community,4.886,,,There's need for proper Waste management practices,,There's need for proper Waste management practices
-1.2221951,36.881778,Kasarani,Kasarani,garbage point,other,private,4.816,Waste water drainage,,,,
-1.2221538,36.8815218,Roysambu,Roysambu,garbage point,bin,private,4.065,,,,,
-1.222095,36.8820345,Dagoretti South,Ng'ando,garbage point,illegal dumping,private,2.34,,,Sensitization of the neighbouring members,,Sensitization of the neighbouring members
-1.2220778,36.8821746,Roysambu,Garden Estate,garbage point,collection point,community,4.836,,,the tonnage estimate is about 100 loads.,,the tonnage estimate is about 100 loads.
-1.2220381,36.882141,Ruaraka,Babadogo,garbage point,holding ground,private,4.502,,,,,
-1.2220127,36.8821794,Kasarani,Ruai,garbage point,bin,private,5.0,,,,,
-1.2220045,36.8820885,Ruaraka,Korogocho,garbage point,holding ground,private,4.54,,,,,
-1.2219618,36.8817059,Dagoretti North,Kawangware,garbage point,holding ground,private,3.86,,,Nice,,Nice
-1.2219214,36.8821421,Kasarani,Njiru,garbage point,other,community,2.158,Drainage,,Drainage,,Drainage
-1.2218913,36.8823122,Dagoretti North,Kawangware,garbage point,bin,private,5.0,,,Good,,Good
-1.2218851,36.8817851,Makadara,Harambee,garbage point,collection point,community,4.988,,,,,
-1.2218511,36.8819643,Roysambu,Garden Estate,garbage point,bin,private,3.79,,,good,,good
-1.221795,36.8820686,Kasarani,Njiru,garbage point,illegal dumping,other,2.496,,roadside damping,Illegal,,Illegal
-1.2217641,36.882136,Kasarani,Njiru,garbage point,illegal dumping,community,3.942,,,Foul odors at the neighborhood,,Foul odors at the neighborhood
-1.221732,36.8820498,Roysambu,Roysambu,garbage point,illegal dumping,public land,4.618,,,need to be cleared,,need to be cleared
-1.2216739,36.8822098,Roysambu,Roysambu,garbage point,holding ground,private,4.278,,,,,
-1.2216712,36.8822012,Roysambu,Roysambu,garbage point,collection point,private,4.75,,,needs maintenance,,needs maintenance
-1.2216605,36.8821245,Roysambu,Roysambu,garbage point,illegal dumping,private,4.42,,,the site to be rehabilitated,,the site to be rehabilitated
-1.2216436,36.8821392,Roysambu,Roysambu,garbage point,illegal dumping,public land,4.416,,,,,
-1.2216183,36.8817108,Roysambu,Roysambu,garbage point,illegal dumping,public land,4.916,,,excavated soil accumulation,,excavated soil accumulation
-1.2216098,36.882103,Roysambu,Garden Estate,garbage point,collection point,community,0.847,,,,,
-1.2215893,36.8820968,Makadara,Maringo/ Hamza,garbage point,collection point,public land,3.882,,,,,
-1.2214698,36.8819343,Roysambu,Roysambu,garbage point,bin,private,4.44,,,well placed,,well placed
-1.2214579,36.8821341,Kibra,Lindi,garbage point,bin,public land,2.3,,,old,,old
-1.2214549,36.8820055,Roysambu,Roysambu,garbage point,illegal dumping,community,4.585,,,,,
-1.2213522,36.8819017,Ruaraka,Babadogo,garbage point,bin,private,4.727,,,,,
-1.2207298,36.9022521,Kasarani,Kasarani,garbage point,bin,public land,3.422,,,,,
-1.2199695,36.8958565,Kasarani,Clay City,garbage point,bin,public land,22.04,,,,,
-1.2166095,36.8256888,Westlands,Karura,garbage point,collection point,public land,1.336,,,To be collected,,To be collected
-1.2164594,36.8253668,Westlands,Karura,garbage point,illegal dumping,private,1.633,,,It should be cleared,,It should be cleared
-1.2154048,36.8256282,Westlands,Karura,garbage point,illegal dumping,private,4.988,,,To be cleared,,To be cleared
-1.2125158,36.8936036,Roysambu,Zimmermann,garbage point,collection point,public land,3.0,,,,,
-1.2115071,36.8952321,Roysambu,Zimmermann,garbage point,illegal dumping,public land,2.0,,,,,
-1.2114173,36.8948977,Roysambu,Zimmermann,garbage point,illegal dumping,public land,2.5,,,alot of garbage burning happens here,,alot of garbage burning happens here
-1.2105532,36.8983116,Roysambu,Zimmermann,garbage point,collection point,public land,4.984,,,it is spacious and easily accessible by collection trucks,,it is spacious and easily accessible by collection trucks
-1.2092494,36.8938204,Roysambu,Zimmermann,garbage point,holding ground,public land,2.5,,,easily accessible,,easily accessible
-1.2051671,36.8952688,Roysambu,Zimmermann,garbage point,illegal dumping,public land,2.0,,,,,
-1.2036125,36.9106787,Roysambu,Githurai,garbage point,holding ground,public land,2.0,,,used as a temporary holding point for cbos to allow sorting before the waste is collected and transported to the final destination,used as a temporary holding point for cbos to allow sorting before the waste is collected and transported to the final destination,used as a temporary holding point for cbos to allow sorting before the waste is collected and transported to the final destination
-1.2032781,36.9052524,Roysambu,Githurai,garbage point,holding ground,public land,4.8,,,used by green army and is easily accessible by truck,,used by green army and is easily accessible by truck
-1.2032345,36.9108607,Roysambu,Githurai,garbage point,illegal dumping,public land,2.0,,,source of the waste is from the surrounding viosks.,,source of the waste is from the surrounding viosks.
-1.2028536,36.9089068,Roysambu,Githurai,garbage point,illegal dumping,private,3.0,,,the source of waste comes from mama mboga and surrounding viosks,,the source of waste comes from mama mboga and surrounding viosks
-1.2027672,36.9089553,Roysambu,Githurai,garbage point,illegal dumping,private,2.5,,,,,
-1.2024336,36.9106351,Roysambu,Githurai,garbage point,holding ground,public land,2.5,,,"used as green army holding point.
it's easily accessible by the loading trucks",,"used as green army holding point.
it's easily accessible by the loading trucks"
-1.2021018,36.8839308,Roysambu,Zimmermann,garbage point,illegal dumping,public land,2.0,,,it's by the river hence contaminating the water,,it's by the river hence contaminating the water
-1.2016774,36.9122082,Roysambu,Githurai,garbage point,bin,community,2.0,,,used by the school and the green army as a collection point,,used by the school and the green army as a collection point
-1.201324,36.907862,Roysambu,Githurai,garbage point,illegal dumping,private,59.70659625,,,the owner of the land needs to face it to prevent further illegal dumping,,the owner of the land needs to face it to prevent further illegal dumping
-1.2010472,36.8890747,Roysambu,Zimmermann,garbage point,illegal dumping,public land,2.55,,,"the waste to be cleared and close the point completely.
community to be engaged on sustainable swm practises.
arrest of culprits dumping illegaly.
regular cleanups and sensitization to be done in the area.",,"the waste to be cleared and close the point completely.
community to be engaged on sustainable swm practises.
arrest of culprits dumping illegaly.
regular cleanups and sensitization to be done in the area."
-1.201045,36.8888492,Roysambu,Zimmermann,garbage point,illegal dumping,public land,2.0,,,"this is the most dumped area in zimmerman, garbage is from surrounding community. enforcement needed",,"this is the most dumped area in zimmerman, garbage is from surrounding community. enforcement needed"
-1.2009908,36.8836081,Roysambu,Zimmermann,garbage point,illegal dumping,private,4.04,,,"there are plans to clear the waste and enforce on any further illegal dumping.
owner to be found and advised on fencing the land.",,"there are plans to clear the waste and enforce on any further illegal dumping.
owner to be found and advised on fencing the land."
-1.1945777,36.9036644,Roysambu,Kahawa,garbage point,illegal dumping,public land,4.9,,,,,
-1.1945074,36.9032894,Roysambu,Kahawa,garbage point,illegal dumping,public land,4.683,,,,,
-1.1913626,36.9059658,Roysambu,Kahawa,garbage point,illegal dumping,public land,3.4,,,,,
-1.1900502,36.906054,Roysambu,Kahawa,garbage point,illegal dumping,public land,4.06,,,,,
-1.1897361,36.9062698,Roysambu,Kahawa,garbage point,illegal dumping,public land,3.42,,,,,
-1.1896052,36.9061369,Roysambu,Kahawa,garbage point,illegal dumping,public land,2.46,,,,,
-1.1889783,36.9061861,Roysambu,Kahawa,garbage point,illegal dumping,public land,2.35,,,,,
-1.1880552,36.9064522,Roysambu,Kahawa,garbage point,illegal dumping,public land,4.22,,,,,
-1.1876168,36.90649,Roysambu,Kahawa,garbage point,illegal dumping,public land,4.2,,,,,
-1.1795689,36.9109738,Roysambu,Kahawa West,garbage point,collection point,public land,4.833,,,needs immediate collection,,needs immediate collection
