sub_county_x,ward_x,_Capture_the_location_latitude,_Capture_the_location_longitude,_Capture_the_location_precision_x,Feature_x,Garbage/Garbage_type_x,Garbage/Other_garbage_type_x,Garbage/Garbage_Ownership_x,Garbage/Other_Garbage_Ownership,OSM,Comments_x,sub_county_y,ward_y,_Capture_the_location_precision_y,Feature_y,Garbage/Garbage_type_y,Garbage/Other_garbage_type_y,Garbage/Garbage_Ownership_y,description,Comments_y
Embakasi Central,Kayole South,-1.2229159,36.8841798,4.755,garbage point,illegal dumping,,public land,,yes,,Embakasi Central,Kayole South,4.755,garbage point,illegal dumping,,public land,,
Starehe,Ngara,-1.2237196,36.8824665,4.11,garbage point,bin,,community,,yes,,Starehe,Ngara,4.11,garbage point,bin,,community,,
Dagoretti South,Ng'ando,-1.222095,36.8820345,2.34,garbage point,illegal dumping,,private,,yes,Sensitization of the neighbouring members,Dagoretti South,Ng'ando,2.34,garbage point,illegal dumping,,private,,Sensitization of the neighbouring members
Embakasi East,Mihang'o,-1.2224438,36.8819768,4.983,garbage point,bin,,private,,yes,,Embakasi East,Mihang'o,4.983,garbage point,bin,,private,,
Embakasi West,Umoja I,-1.2237655,36.882459,3.74,garbage point,bin,,private,,yes,Well placed in strategic place.,Embakasi West,Umoja I,3.74,garbage point,bin,,private,,Well placed in strategic place.
Embakasi East,Upper Savanna,-1.2227564,36.8819295,4.83,garbage point,holding ground,,community,,yes,Needs comments,Embakasi East,Upper Savanna,4.83,garbage point,holding ground,,community,,Needs comments
Embakasi East,Upper Savanna,-1.2227107,36.8818598,3.055,garbage point,bin,,public land,,yes,,Embakasi East,Upper Savanna,3.055,garbage point,bin,,public land,,
Mathare,Ngei,-1.222324,36.8819572,4.886,garbage point,holding ground,,community,,yes,There's need for proper Waste management practices,Mathare,Ngei,4.886,garbage point,holding ground,,community,,There's need for proper Waste management practices
Mathare,Kiamaiko,-1.2236543,36.8825406,4.02,garbage point,illegal dumping,,public land,,yes,Dumping done at night,Mathare,Kiamaiko,4.02,garbage point,illegal dumping,,public land,,Dumping done at night
Dagoretti South,Riruta,-1.2237206,36.8825131,4.049,garbage point,holding ground,,community,,yes,No waste segregation at the point,Dagoretti South,Riruta,4.049,garbage point,holding ground,,community,No waste segregation at the point,No waste segregation at the point
Dagoretti South,Uthiru/Ruthimitu,-1.2228555,36.8823834,4.75,garbage point,bin,,private,,yes,,Dagoretti South,Uthiru/Ruthimitu,4.75,garbage point,bin,,private,,
Dagoretti South,Uthiru/Ruthimitu,-1.2224502,36.881957,2.462,garbage point,bin,,private,,yes,Strategically placed,Dagoretti South,Uthiru/Ruthimitu,2.462,garbage point,bin,,private,,Strategically placed
Starehe,Ziwani/ Kariokor,-1.2250014,36.8826249,4.9,garbage point,bin,,private,,yes,Its in good condition,Starehe,Ziwani/ Kariokor,4.9,garbage point,bin,,private,,Its in good condition
Embakasi Central,Komarock,-1.2248887,36.8826315,4.814,garbage point,bin,,private,,no,Properly placed,Embakasi Central,Komarock,4.814,garbage point,bin,,private,,Properly placed
Embakasi Central,Kayole North,-1.2225141,36.8819507,4.713,garbage point,bin,,private,,yes,Well maintained,Embakasi Central,Kayole North,4.713,garbage point,bin,,private,,Well maintained
Embakasi Central,Matopeni/ Spring Valley,-1.2563213,36.9305049,4.325,garbage point,illegal dumping,,public land,,yes,,Embakasi Central,Matopeni/ Spring Valley,4.325,garbage point,illegal dumping,,public land,,
Embakasi Central,Matopeni/ Spring Valley,-1.2564786,36.9280428,4.911,garbage point,illegal dumping,,public land,,yes,The illegal dumping is along Spring valley/Matopeni Canal,Embakasi Central,Matopeni/ Spring Valley,4.911,garbage point,illegal dumping,,public land,,The illegal dumping is along Spring valley/Matopeni Canal
Embakasi West,Umoja I,-1.2888819,36.8900394,3.433,garbage point,collection point,,community,,yes,,Embakasi West,Umoja I,3.433,garbage point,collection point,,community,,
Embakasi West,Umoja I,-1.2861135,36.8884285,5.0,garbage point,illegal dumping,,community,,no,,Embakasi West,Umoja I,5.0,garbage point,illegal dumping,,community,,
Embakasi West,Umoja I,-1.2831811,36.8917351,4.62,garbage point,collection point,,community,,yes,,Embakasi West,Umoja I,4.62,garbage point,collection point,,community,,
Embakasi West,Umoja I,-1.2836186,36.8860834,2.46,garbage point,holding ground,,public land,,yes,,Embakasi West,Umoja I,2.46,garbage point,holding ground,,public land,,
Embakasi West,Umoja I,-1.2834257,36.8878042,4.112,garbage point,holding ground,,public land,,yes,,Embakasi West,Umoja I,4.112,garbage point,holding ground,,public land,,
Embakasi West,Umoja I,-1.2827391,36.8890729,4.6,garbage point,bin,,public land,,yes,,Embakasi West,Umoja I,4.6,garbage point,bin,,public land,,
Embakasi West,Kariobangi,-1.26204,36.8835639,4.0,garbage point,illegal dumping,,public land,,yes,,Embakasi West,Kariobangi,4.0,garbage point,illegal dumping,,public land,,
Dagoretti South,Ng'ando,-1.2939686,36.7540506,4.662,garbage point,illegal dumping,,public land,,yes,Dumping is usually rampant,Dagoretti South,Ng'ando,4.662,garbage point,illegal dumping,,public land,Dumping is usually rampant,Dumping is usually rampant
Dagoretti South,Ng'ando,-1.2954408,36.7555779,4.83,garbage point,illegal dumping,,public land,,yes,Rampant dumping along the road,Dagoretti South,Ng'ando,4.83,garbage point,illegal dumping,,public land,Rampant dumping along the road,Rampant dumping along the road
Dagoretti South,Ng'ando,-1.2965409,36.7561616,4.621,garbage point,illegal dumping,,public land,,yes,Dumping due to drainage clearing,Dagoretti South,Ng'ando,4.621,garbage point,illegal dumping,,public land,Dumping due to drainage clearing,Dumping due to drainage clearing
Dagoretti South,Ng'ando,-1.2981041,36.758262,3.79,garbage point,illegal dumping,,public land,,yes,Illegal businesses around the area,Dagoretti South,Ng'ando,3.79,garbage point,illegal dumping,,public land,,Illegal businesses around the area
Dagoretti South,Ng'ando,-1.2982297,36.7586461,4.004,garbage point,illegal dumping,,public land,,yes,Rampant dumpings,Dagoretti South,Ng'ando,4.004,garbage point,illegal dumping,,public land,Rampant dumpings,Rampant dumpings
Dagoretti South,Ng'ando,-1.2993294,36.7574613,4.655,garbage point,holding ground,,public land,,yes,Huge waste loads with frequent dumpings,Dagoretti South,Ng'ando,4.655,garbage point,holding ground,,public land,Huge waste loads with frequent dumpings,Huge waste loads with frequent dumpings
Dagoretti South,Ng'ando,-1.3001478,36.7576411,3.903,garbage point,illegal dumping,,public land,,yes,Dumping on major roads is rampant,Dagoretti South,Ng'ando,3.903,garbage point,illegal dumping,,public land,Dumping on major roads is rampant,Dumping on major roads is rampant
Dagoretti South,Ng'ando,-1.3072454,36.7334073,4.952,garbage point,illegal dumping,,private,,yes,Fencing required,Dagoretti South,Ng'ando,4.952,garbage point,illegal dumping,,private,,Fencing required
Dagoretti South,Ng'ando,-1.3034084,36.7323163,3.866,garbage point,illegal dumping,,public land,,yes,,Dagoretti South,Ng'ando,3.866,garbage point,illegal dumping,,public land,,
Dagoretti South,Ng'ando,-1.3027407,36.7376729,4.99,garbage point,holding ground,,private,,yes,Not fenced,Dagoretti South,Ng'ando,4.99,garbage point,holding ground,,private,,Not fenced
Dagoretti South,Ng'ando,-1.305698,36.7376182,4.968,garbage point,illegal dumping,,community,,yes,,Dagoretti South,Ng'ando,4.968,garbage point,illegal dumping,,community,,
Starehe,Nairobi South,-1.312214,36.8422093,2.437,garbage point,collection point,,public land,,yes,,Starehe,Nairobi South,2.437,garbage point,collection point,,public land,,
Starehe,Nairobi South,-1.3183942,36.8386844,4.38,garbage point,illegal dumping,,public land,,yes,,Starehe,Nairobi South,4.38,garbage point,illegal dumping,,public land,,
Starehe,Nairobi South,-1.3168668,36.838659,2.957,garbage point,illegal dumping,,public land,,yes,,Starehe,Nairobi South,2.957,garbage point,illegal dumping,,public land,,
Starehe,Nairobi South,-1.3154267,36.8383341,2.175,garbage point,illegal dumping,,public land,,yes,,Starehe,Nairobi South,2.175,garbage point,illegal dumping,,public land,,
Starehe,Nairobi South,-1.31377,36.8382383,4.0,garbage point,illegal dumping,,public land,,yes,,Starehe,Nairobi South,4.0,garbage point,illegal dumping,,public land,,
Starehe,Nairobi South,-1.3138837,36.8383967,4.7,garbage point,illegal dumping,,public land,,yes,,Starehe,Nairobi South,4.7,garbage point,illegal dumping,,public land,,
Starehe,Nairobi South,-1.3115755,36.8376757,4.482,garbage point,illegal dumping,,public land,,yes,,Starehe,Nairobi South,4.482,garbage point,illegal dumping,,public land,,
Embakasi East,Upper Savanna,-1.2982797,36.8934602,4.012,garbage point,illegal dumping,,public land,,yes,,Embakasi East,Upper Savanna,4.012,garbage point,illegal dumping,,public land,,
Embakasi East,Upper Savanna,-1.2901315,36.9019066,4.916,garbage point,illegal dumping,,public land,,yes,,Embakasi East,Upper Savanna,4.916,garbage point,illegal dumping,,public land,,
Embakasi East,Upper Savanna,-1.291486,36.9010211,4.103,garbage point,illegal dumping,,public land,,yes,,Embakasi East,Upper Savanna,4.103,garbage point,illegal dumping,,public land,,
Embakasi East,Upper Savanna,-1.2929245,36.9009467,4.719,garbage point,illegal dumping,,public land,,yes,To be collected,Embakasi East,Upper Savanna,4.719,garbage point,illegal dumping,,public land,,To be collected
Embakasi East,Upper Savanna,-1.2927747,36.9014992,4.776,garbage point,illegal dumping,,public land,,yes,,Embakasi East,Upper Savanna,4.776,garbage point,illegal dumping,,public land,,
Embakasi East,Upper Savanna,-1.2919776,36.9014058,4.708,garbage point,illegal dumping,,public land,,yes,,Embakasi East,Upper Savanna,4.708,garbage point,illegal dumping,,public land,,
Embakasi East,Upper Savanna,-1.2997531,36.8872329,4.288,garbage point,illegal dumping,,public land,,yes,This illegal dumping point is bad and action need to be taken,Embakasi East,Upper Savanna,4.288,garbage point,illegal dumping,,public land,,This illegal dumping point is bad and action need to be taken
Embakasi East,Upper Savanna,-1.3031106,36.8881969,4.645,garbage point,illegal dumping,,other,outering road donholm near equity bank,no,,Embakasi East,Upper Savanna,4.645,garbage point,illegal dumping,,other,outering road donholm near equity bank	,
Embakasi East,Upper Savanna,-1.2848683,36.9000675,4.768,garbage point,illegal dumping,,public land,,yes,,Embakasi East,Upper Savanna,4.768,garbage point,illegal dumping,,public land,,
Embakasi East,Upper Savanna,-1.2896717,36.9027878,4.592,garbage point,illegal dumping,,private,,yes,An action to be taken here,Embakasi East,Upper Savanna,4.592,garbage point,illegal dumping,,private,,An action to be taken here
Embakasi East,Upper Savanna,-1.2879588,36.9045592,4.824,garbage point,illegal dumping,,public land,,yes,,Embakasi East,Upper Savanna,4.824,garbage point,illegal dumping,,public land,,
Embakasi East,Upper Savanna,-1.2832032,36.9025806,4.876,garbage point,illegal dumping,,public land,,yes,,Embakasi East,Upper Savanna,4.876,garbage point,illegal dumping,,public land,,
Embakasi East,Upper Savanna,-1.2845805,36.9005236,4.673,garbage point,illegal dumping,,public land,,yes,,Embakasi East,Upper Savanna,4.673,garbage point,illegal dumping,,public land,,
Embakasi East,Upper Savanna,-1.2912185,36.9019783,5.0,garbage point,illegal dumping,,public land,,yes,,Embakasi East,Upper Savanna,5.0,garbage point,illegal dumping,,public land,,
Embakasi East,Upper Savanna,-1.2916378,36.9016224,5.0,garbage point,illegal dumping,,public land,,yes,,Embakasi East,Upper Savanna,5.0,garbage point,illegal dumping,,public land,,
Embakasi East,Upper Savanna,-1.2927511,36.9008447,4.11,garbage point,collection point,,public land,,yes,,Embakasi East,Upper Savanna,4.11,garbage point,collection point,,public land,,
Embakasi West,Mowlem,-1.2671017,36.8970867,4.05,garbage point,holding ground,,other,roadside,no,,Embakasi West,Mowlem,4.05,garbage point,holding ground,,other,roadside,
Embakasi West,Mowlem,-1.2658033,36.8959999,4.05,garbage point,holding ground,,other,roadside,no,,Embakasi West,Mowlem,4.05,garbage point,holding ground,,other,roadside,
Embakasi West,Mowlem,-1.2653798,36.8960844,4.44,garbage point,holding ground,,other,road reserves,no,,Embakasi West,Mowlem,4.44,garbage point,holding ground,,other,road reserves,
Embakasi West,Mowlem,-1.2647955,36.8956402,4.683,garbage point,illegal dumping,,public land,,no,,Embakasi West,Mowlem,4.683,garbage point,illegal dumping,,public land,,
Embakasi West,Mowlem,-1.2647767,36.89563,3.9,garbage point,holding ground,,public land,,no,,Embakasi West,Mowlem,3.9,garbage point,holding ground,,public land,,
Embakasi West,Mowlem,-1.2646933,36.89556,4.8,garbage point,holding ground,,public land,,no,,Embakasi West,Mowlem,4.8,garbage point,holding ground,,public land,,
Embakasi West,Mowlem,-1.2632227,36.8947822,4.84,garbage point,holding ground,,public land,,no,,Embakasi West,Mowlem,4.84,garbage point,holding ground,,public land,,
Embakasi West,Mowlem,-1.2623178,36.8943004,4.9,garbage point,holding ground,,public land,,no,,Embakasi West,Mowlem,4.9,garbage point,holding ground,,public land,,
Embakasi West,Mowlem,-1.2637589,36.8939922,4.84,garbage point,holding ground,,public land,,no,,Embakasi West,Mowlem,4.84,garbage point,holding ground,,public land,,
Embakasi West,Mowlem,-1.2655651,36.8927449,3.9,garbage point,illegal dumping,,public land,,no,,Embakasi West,Mowlem,3.9,garbage point,illegal dumping,,public land,,
Embakasi West,Mowlem,-1.2657041,36.8926873,4.6,garbage point,holding ground,,public land,,no,,Embakasi West,Mowlem,4.6,garbage point,holding ground,,public land,,
Embakasi West,Mowlem,-1.2668533,36.8917227,4.283,garbage point,holding ground,,public land,,no,,Embakasi West,Mowlem,4.283,garbage point,holding ground,,public land,,
Embakasi West,Mowlem,-1.267265,36.8914001,4.88,garbage point,illegal dumping,,public land,,no,,Embakasi West,Mowlem,4.88,garbage point,illegal dumping,,public land,,
Embakasi West,Mowlem,-1.2677658,36.8898399,4.36,garbage point,illegal dumping,,public land,,no,Adversely affecting the community,Embakasi West,Mowlem,4.36,garbage point,illegal dumping,,public land,,Adversely affecting the community
Embakasi West,Mowlem,-1.2756383,36.886252,4.5,garbage point,bin,,public land,,yes,More bins to be utilised for the temporary holding of garbage from the market,Embakasi West,Mowlem,4.5,garbage point,bin,,public land,,More bins to be utilised for the temporary holding of garbage from the market
Embakasi East,Upper Savanna,-1.2905405,36.90448,4.845,garbage point,illegal dumping,,public land,,,,Embakasi East,Upper Savanna,4.845,garbage point,illegal dumping,,public land,,
Embakasi West,Umoja II,-1.2780985,36.89564,4.96,garbage point,illegal dumping,,public land,,yes,,Embakasi West,Umoja II,4.96,garbage point,illegal dumping,,public land,,
Embakasi West,Umoja II,-1.2789976,36.8986742,4.8,garbage point,illegal dumping,,public land,,yes,,Embakasi West,Umoja II,4.8,garbage point,illegal dumping,,public land,,
Mathare,Ngei,-1.259897,36.87202,4.264,garbage point,collection point,,public land,,yes,,Mathare,Ngei,4.264,garbage point,collection point,,public land,,
Mathare,Ngei,-1.2571178,36.8670509,4.451,garbage point,illegal dumping,,public land,,yes,,Mathare,Ngei,4.451,garbage point,illegal dumping,,public land,,
Mathare,Huruma,-1.2599769,36.8720044,4.931,garbage point,collection point,,public land,,yes,,Mathare,Huruma,4.931,garbage point,collection point,,public land,,
Mathare,Huruma,-1.2560902,36.8717668,3.858,garbage point,collection point,,public land,,no,,Mathare,Huruma,3.858,garbage point,collection point,,public land,,
Embakasi West,Umoja II,-1.2835142,36.8913807,4.64,garbage point,collection point,,public land,,yes,Power Line,Embakasi West,Umoja II,4.64,garbage point,collection point,,public land,,Power Line
Dagoretti South,Uthiru/Ruthimitu,-1.2827645,36.6900618,3.425,garbage point,holding ground,,public land,,yes,Well maintained,Dagoretti South,Uthiru/Ruthimitu,3.425,garbage point,holding ground,,public land,,Well maintained
Dagoretti South,Uthiru/Ruthimitu,-1.2607632,36.7121977,3.5,garbage point,holding ground,,public land,,yes,No,Dagoretti South,Uthiru/Ruthimitu,3.5,garbage point,holding ground,,public land,,No
Dagoretti South,Waithaka,-1.2803726,36.7157841,1.697,garbage point,illegal dumping,,public land,,no,Illegal dumping from mkokoteni users,Dagoretti South,Waithaka,1.697,garbage point,illegal dumping,,public land,,Illegal dumping from mkokoteni users
Mathare,Mlango Kubwa,-1.2660823,36.8495484,3.97,garbage point,collection point,,public land,,no,It's along the road,Mathare,Mlango Kubwa,3.97,garbage point,collection point,,public land,,It's along the road
Starehe,Ngara,-1.2726043,36.8265547,4.7,garbage point,other,Handcart,private,,yes,,Starehe,Ngara,4.7,garbage point,other,Handcart,private,,
Starehe,Ngara,-1.2778502,36.8304212,4.9,garbage point,illegal dumping,,public land,,yes,,Starehe,Ngara,4.9,garbage point,illegal dumping,,public land,,
Starehe,Ngara,-1.2715068,36.8322526,4.6,garbage point,holding ground,,public land,,yes,,Starehe,Ngara,4.6,garbage point,holding ground,,public land,,
Starehe,Ngara,-1.2791149,36.8329836,5.0,garbage point,collection point,,public land,,yes,,Starehe,Ngara,5.0,garbage point,collection point,,public land,,
Starehe,Ngara,-1.2769539,36.8277829,3.7,garbage point,holding ground,,public land,,yes,,Starehe,Ngara,3.7,garbage point,holding ground,,public land,,
Starehe,Ngara,-1.2760299,36.8251251,4.4,garbage point,illegal dumping,,public land,,yes,,Starehe,Ngara,4.4,garbage point,illegal dumping,,public land,,
Embakasi East,Utawala,-1.315521,36.9157312,4.673,garbage point,collection point,,public land,,yes,,Embakasi East,Utawala,4.673,garbage point,collection point,,public land,,
Embakasi East,Utawala,-1.315431,36.9140498,4.683,garbage point,illegal dumping,,public land,,yes,,Embakasi East,Utawala,4.683,garbage point,illegal dumping,,public land,,
Embakasi East,Utawala,-1.3151797,36.8953795,4.95,garbage point,illegal dumping,,private,,yes,,Embakasi East,Utawala,4.95,garbage point,illegal dumping,,private,,
Mathare,Kiamaiko,-1.2588185,36.8755855,3.85,garbage point,collection point,,public land,,yes,,Mathare,Kiamaiko,3.85,garbage point,collection point,,public land,,
Embakasi Central,Komarock,-1.2631317,36.9095446,4.546,garbage point,illegal dumping,,private,,yes,Measures are in place to cub the illegal dumping but no success yet,Embakasi Central,Komarock,4.546,garbage point,illegal dumping,,private,,Measures are in place to cub the illegal dumping but no success yet
Embakasi Central,Kayole North,-1.2708565,36.923983,4.9,garbage point,collection point,,public land,,yes,The area is a good holding point for waste from across the subcounty,Embakasi Central,Kayole North,4.9,garbage point,collection point,,public land,The area is a good holding point for waste from across the subcounty,The area is a good holding point for waste from across the subcounty
Embakasi Central,Kayole North Central,-1.2768198,36.9212858,5.0,garbage point,collection point,,public land,,yes,It's an important point that helps in waste management within Embakasi Central,Embakasi Central,Kayole North Central,5.0,garbage point,collection point,,public land,,It's an important point that helps in waste management within Embakasi Central
Starehe,Nairobi South,-1.3124156,36.835366,3.8,garbage point,illegal dumping,,public land,,yes,,Starehe,Nairobi South,3.8,garbage point,illegal dumping,,public land,,
Starehe,Nairobi South,-1.3125684,36.8353917,4.729,garbage point,illegal dumping,,public land,,yes,,Starehe,Nairobi South,4.729,garbage point,illegal dumping,,public land,,
Starehe,Nairobi South,-1.3126134,36.8354,3.186,garbage point,illegal dumping,,public land,,yes,,Starehe,Nairobi South,3.186,garbage point,illegal dumping,,public land,,
Starehe,Nairobi South,-1.3130915,36.8353274,3.807,garbage point,illegal dumping,,public land,,yes,,Starehe,Nairobi South,3.807,garbage point,illegal dumping,,public land,,
Starehe,Nairobi Central,-1.2841664,36.8203314,1.936,garbage point,collection point,,public land,,yes,Not bad state though no proper arrangement of the skips,Starehe,Nairobi Central,1.936,garbage point,collection point,,public land,No proper arrangement of the skips,Not bad state though no proper arrangement of the skips
Starehe,Nairobi Central,-1.2876224,36.83121,1.776,garbage point,collection point,,public land,,yes,The state is not that bad,Starehe,Nairobi Central,1.776,garbage point,collection point,,public land,,The state is not that bad
Starehe,Nairobi Central,-1.288192,36.8346271,2.448,garbage point,collection point,,public land,,yes,A big hip it needs urgent collection,Starehe,Nairobi Central,2.448,garbage point,collection point,,public land,,A big hip it needs urgent collection
Starehe,Ngara,-1.2766305,36.8224943,4.3,garbage point,illegal dumping,,public land,,yes,,Starehe,Ngara,4.3,garbage point,illegal dumping,,public land,,
Starehe,Ngara,-1.2751579,36.8233654,4.6,garbage point,illegal dumping,,public land,,yes,,Starehe,Ngara,4.6,garbage point,illegal dumping,,public land,,
Starehe,Ngara,-1.2724559,36.8283543,4.166,garbage point,illegal dumping,,community,,yes,,Starehe,Ngara,4.166,garbage point,illegal dumping,,community,,
Starehe,Ngara,-1.2757681,36.8299351,4.833,garbage point,illegal dumping,,community,,yes,,Starehe,Ngara,4.833,garbage point,illegal dumping,,community,,
Starehe,Ngara,-1.2790315,36.8307621,4.7,garbage point,illegal dumping,,public land,,yes,,Starehe,Ngara,4.7,garbage point,illegal dumping,,public land,,
Starehe,Ngara,-1.2794467,36.8296489,4.2,garbage point,holding ground,,community,,yes,,Starehe,Ngara,4.2,garbage point,holding ground,,community,,
Starehe,Ngara,-1.275641,36.8225987,4.9,garbage point,holding ground,,public land,,yes,,Starehe,Ngara,4.9,garbage point,holding ground,,public land,,
Starehe,Ngara,-1.2759579,36.8190213,5.0,garbage point,illegal dumping,,public land,,yes,,Starehe,Ngara,5.0,garbage point,illegal dumping,,public land,,
Starehe,Landimawe,-1.3121805,36.8571396,3.829,garbage point,illegal dumping,,public land,,yes,This is an illegal dumping site along Migwani road.,Starehe,Landimawe,3.829,garbage point,illegal dumping,,public land,This is an illegal dumping site along Migwani road.,This is an illegal dumping site along Migwani road.
Starehe,Landimawe,-1.3116044,36.8499555,4.659,garbage point,collection point,,public land,,yes,This is a collection point at Kayaba stage along Enterprise road.,Starehe,Landimawe,4.659,garbage point,collection point,,public land,This is a collection point at Kayaba stage along Enterprise road.,This is a collection point at Kayaba stage along Enterprise road.
Starehe,Landimawe,-1.3132548,36.8498305,3.816,garbage point,illegal dumping,,public land,,yes,Illegal dumping at Crescent Bridge and along Ngong' river Mukuru Kayaba informal settlement,Starehe,Landimawe,3.816,garbage point,illegal dumping,,public land,Illegal dumping at Crescent Bridge and along Ngong' river Mukuru Kayaba informal settlement,Illegal dumping at Crescent Bridge and along Ngong' river Mukuru Kayaba informal settlement
Starehe,Landimawe,-1.3107197,36.8479623,4.604,garbage point,illegal dumping,,public land,,yes,Illegal dumping near Timsales wall along Enterprise road,Starehe,Landimawe,4.604,garbage point,illegal dumping,,public land,Illegal dumping near Timsales wall along Enterprise road,Illegal dumping near Timsales wall along Enterprise road
Starehe,Landimawe,-1.3107447,36.8456915,3.959,garbage point,holding ground,,public land,,yes,An holding ground by Green Army for holding waste awaiting collection.,Starehe,Landimawe,3.959,garbage point,holding ground,,public land,An holding ground by Green Army for holding waste awaiting collection.,An holding ground by Green Army for holding waste awaiting collection.
Starehe,Landimawe,-1.3099923,36.8444971,4.004,garbage point,holding ground,,public land,,yes,An holding ground by Green Army for holding solid waste awaiting collection by trucks.,Starehe,Landimawe,4.004,garbage point,holding ground,,public land,An holding ground by Green Army for holding solid waste awaiting collection by trucks.,An holding ground by Green Army for holding solid waste awaiting collection by trucks.
Starehe,Landimawe,-1.3092484,36.8445078,3.699,garbage point,illegal dumping,,public land,,yes,Illegal dumping near office of the Chief Mukuru Kayaba Location off Enterprise road,Starehe,Landimawe,3.699,garbage point,illegal dumping,,public land,Illegal dumping near office of the Chief Mukuru Kayaba Location off Enterprise road,Illegal dumping near office of the Chief Mukuru Kayaba Location off Enterprise road
Starehe,Landimawe,-1.304317,36.8392502,4.455,garbage point,illegal dumping,,public land,,yes,Illegal dumping at Dakar road junction,Starehe,Landimawe,4.455,garbage point,illegal dumping,,public land,Illegal dumping at Dakar road junction,Illegal dumping at Dakar road junction
Starehe,Landimawe,-1.304752,36.8302585,4.307,garbage point,holding ground,,public land,,yes,An holding ground for Green Army at Dundori road,Starehe,Landimawe,4.307,garbage point,holding ground,,public land,An holding ground for Green Army at Dundori road,An holding ground for Green Army at Dundori road
Starehe,Landimawe,-1.2931231,36.8362157,4.889,garbage point,holding ground,,private,,yes,An holding ground for the Green army along Factory street,Starehe,Landimawe,4.889,garbage point,holding ground,,private,An holding ground for the Green army along Factory street,An holding ground for the Green army along Factory street
Starehe,Landimawe,-1.2924916,36.8380938,4.162,garbage point,illegal dumping,,public land,,yes,Illegal dumping on public land owned by Kenya Railways Cooperation,Starehe,Landimawe,4.162,garbage point,illegal dumping,,public land,Illegal dumping on public land owned by Kenya Railways Cooperation,Illegal dumping on public land owned by Kenya Railways Cooperation
Starehe,Landimawe,-1.2932766,36.8378549,4.732,garbage point,collection point,,public land,,yes,Collection point for solid waste awaiting trucks collection and transportation to Dandora dumpsite,Starehe,Landimawe,4.732,garbage point,collection point,,public land,Collection point for solid waste awaiting trucks collection and transportation to Dandora dumpsite,Collection point for solid waste awaiting trucks collection and transportation to Dandora dumpsite
Embakasi West,Kariobangi,-1.2229626,36.8833639,1.191,garbage point,collection point,,private,,yes,,Embakasi West,Kariobangi,1.191,garbage point,collection point,,private,,
Embakasi East,Embakasi,-1.224866,36.882686,4.14,garbage point,bin,,private,,yes,,Embakasi East,Embakasi,4.14,garbage point,bin,,private,,
Starehe,Nairobi Central,-1.2248668,36.8827205,4.76,garbage point,holding ground,,private,,no,,Starehe,Nairobi Central,4.76,garbage point,holding ground,,private,,
Embakasi Central,Komarock,-1.224918,36.8826117,3.375,garbage point,bin,,private,,yes,,Embakasi Central,Komarock,3.375,garbage point,bin,,private,,
Starehe,Pangani,-1.2226101,36.8818972,4.85,garbage point,bin,,private,,yes,,Starehe,Pangani,4.85,garbage point,bin,,private,,
Starehe,Pangani,-1.2225501,36.8822781,4.988,garbage point,bin,,private,,yes,,Starehe,Pangani,4.988,garbage point,bin,,private,,
Starehe,Pangani,-1.2228921,36.8823804,3.1,garbage point,bin,,private,,yes,,Starehe,Pangani,3.1,garbage point,bin,,private,,
Roysambu,Roysambu,-1.2227945,36.8828327,5.0,garbage point,holding ground,,public land,,yes,none,Roysambu,Roysambu,5.0,garbage point,holding ground,,public land,,none
Roysambu,Garden Estate,-1.2220778,36.8821746,4.836,garbage point,collection point,,community,,yes,the tonnage estimate is about 100 loads.,Roysambu,Garden Estate,4.836,garbage point,collection point,,community,,the tonnage estimate is about 100 loads.
Roysambu,Roysambu,-1.2227176,36.8842618,4.3,garbage point,illegal dumping,,public land,,yes,,Roysambu,Roysambu,4.3,garbage point,illegal dumping,,public land,,
Roysambu,Roysambu,-1.2224706,36.8823952,1.303,garbage point,illegal dumping,,private,,yes,,Roysambu,Roysambu,1.303,garbage point,illegal dumping,,private,,
Roysambu,Githurai,-1.2236684,36.8825173,4.7,garbage point,collection point,,private,,yes,,Roysambu,Githurai,4.7,garbage point,collection point,,private,,
Roysambu,Roysambu,-1.2225661,36.8818254,4.396,garbage point,collection point,,private,,yes,na,Roysambu,Roysambu,4.396,garbage point,collection point,,private,,na
Roysambu,Roysambu,-1.2224366,36.8818641,4.741,garbage point,collection point,,public land,,yes,,Roysambu,Roysambu,4.741,garbage point,collection point,,public land,,
Roysambu,Roysambu,-1.2226726,36.8824386,2.998,garbage point,illegal dumping,,public land,,no,clear and rehabilitate open spaces,Roysambu,Roysambu,2.998,garbage point,illegal dumping,,public land,,clear and rehabilitate open spaces
Roysambu,Kahawa,-1.2230407,36.884206,4.833,garbage point,holding ground,,private,,yes,to clear the site,Roysambu,Kahawa,4.833,garbage point,holding ground,,private,,to clear the site
Roysambu,Roysambu,-1.2224905,36.8825336,4.828,garbage point,illegal dumping,,public land,,no,clear and rehabilitate,Roysambu,Roysambu,4.828,garbage point,illegal dumping,,public land,,clear and rehabilitate
Ruaraka,Babadogo,-1.2230268,36.8841709,4.814,garbage point,illegal dumping,,community,,no,stop with immediate effect,Ruaraka,Babadogo,4.814,garbage point,illegal dumping,,community,,stop with immediate effect
Lang'ata,Karen,-1.2237211,36.8825023,3.663,garbage point,bin,,private,,yes,"na
",Lang'ata,Karen,3.663,garbage point,bin,,private,,"na
"
Roysambu,Roysambu,-1.2225691,36.8823639,4.9,garbage point,illegal dumping,,public land,,yes,should be collected regularly to reduce heaping.,Roysambu,Roysambu,4.9,garbage point,illegal dumping,,public land,should be collected regularly to reduce heaping.,should be collected regularly to reduce heaping.
Lang'ata,Otiende,-1.2236955,36.8825261,3.98,garbage point,illegal dumping,,public land,,yes,estimated 200 loads,Lang'ata,Otiende,3.98,garbage point,illegal dumping,,public land,,estimated 200 loads
Ruaraka,Mathare North,-1.2227363,36.8826213,4.6,garbage point,bin,,private,,yes,bin,Ruaraka,Mathare North,4.6,garbage point,bin,,private,,bin
Roysambu,Garden Estate,-1.2218511,36.8819643,3.79,garbage point,bin,,private,,yes,good,Roysambu,Garden Estate,3.79,garbage point,bin,,private,,good
Kibra,Makina,-1.2231167,36.88311,4.4,garbage point,collection point,,private,,yes,bin,Kibra,Makina,4.4,garbage point,collection point,,private,,bin
Lang'ata,South C,-1.2230835,36.8840197,4.016,garbage point,collection point,,private,,yes,bin,Lang'ata,South C,4.016,garbage point,collection point,,private,,bin
Roysambu,Roysambu,-1.2229217,36.8823167,4.5,garbage point,bin,,private,,yes,well maintained,Roysambu,Roysambu,4.5,garbage point,bin,,private,,well maintained
Roysambu,Roysambu,-1.2226089,36.8823018,4.842,garbage point,illegal dumping,,public land,,no,negative effects to the environment,Roysambu,Roysambu,4.842,garbage point,illegal dumping,,public land,,negative effects to the environment
Roysambu,Roysambu,-1.2226518,36.8840335,4.983,garbage point,collection point,,public land,,no,should be cleaned more often,Roysambu,Roysambu,4.983,garbage point,collection point,,public land,,should be cleaned more often
Roysambu,Roysambu,-1.222843,36.8823465,4.571,garbage point,bin,,private,,yes,,Roysambu,Roysambu,4.571,garbage point,bin,,private,,
Roysambu,Roysambu,-1.2228443,36.8823428,4.865,garbage point,holding ground,,community,,yes,the holding point should be cleared after every2 months to avoid spillages,Roysambu,Roysambu,4.865,garbage point,holding ground,,community,,the holding point should be cleared after every2 months to avoid spillages
Roysambu,Roysambu,-1.2227325,36.8823106,4.672,garbage point,bin,,community,,yes,"it is emptied on a weekly basis 
",Roysambu,Roysambu,4.672,garbage point,bin,,community,"Emptied on a weekly basis 
","it is emptied on a weekly basis 
"
Ruaraka,Korogocho,-1.2220045,36.8820885,4.54,garbage point,holding ground,,private,,yes,,Ruaraka,Korogocho,4.54,garbage point,holding ground,,private,,
Ruaraka,Korogocho,-1.2224923,36.8822317,4.08,garbage point,other,,private,,yes,,Ruaraka,Korogocho,4.08,garbage point,other,,private,,
Roysambu,Roysambu,-1.222946,36.8823525,3.35,garbage point,bin,,private,,yes,,Roysambu,Roysambu,3.35,garbage point,bin,,private,,
Ruaraka,Korogocho,-1.2227138,36.882639,4.58,garbage point,bin,,private,,yes,,Ruaraka,Korogocho,4.58,garbage point,bin,,private,,
Roysambu,Roysambu,-1.22315,36.8831891,4.52,garbage point,holding ground,,private,,yes,,Roysambu,Roysambu,4.52,garbage point,holding ground,,private,,
Roysambu,Roysambu,-1.2250123,36.8834075,4.866,garbage point,holding ground,,private,,yes,,Roysambu,Roysambu,4.866,garbage point,holding ground,,private,,
Roysambu,Roysambu,-1.2248837,36.8825889,4.833,garbage point,bin,,private,,yes,collection is well done,Roysambu,Roysambu,4.833,garbage point,bin,,private,,collection is well done
Roysambu,Roysambu,-1.2230395,36.8823278,4.585,garbage point,bin,,private,,yes,,Roysambu,Roysambu,4.585,garbage point,bin,,private,,
Ruaraka,Babadogo,-1.2220381,36.882141,4.502,garbage point,holding ground,,private,,yes,,Ruaraka,Babadogo,4.502,garbage point,holding ground,,private,,
Roysambu,Roysambu,-1.2231541,36.88303,4.633,garbage point,holding ground,,private,,no,,Roysambu,Roysambu,4.633,garbage point,holding ground,,private,,
Roysambu,Roysambu,-1.2230223,36.8834122,4.475,garbage point,holding ground,,private,,no,,Roysambu,Roysambu,4.475,garbage point,holding ground,,private,,
Roysambu,Roysambu,-1.2248754,36.8827031,4.45,garbage point,bin,,private,,yes,well maintained,Roysambu,Roysambu,4.45,garbage point,bin,,private,,well maintained
Roysambu,Roysambu,-1.2228417,36.8824023,4.9,garbage point,bin,,private,,yes,well maintained.,Roysambu,Roysambu,4.9,garbage point,bin,,private,,well maintained.
Ruaraka,Babadogo,-1.2224272,36.8822,4.288,garbage point,other,Dump site,private,,yes,,Ruaraka,Babadogo,4.288,garbage point,other,Dump site,private,,
Ruaraka,Babadogo,-1.2228701,36.8823655,4.521,garbage point,bin,,private,,yes,no,Ruaraka,Babadogo,4.521,garbage point,bin,,private,,no
Roysambu,Garden Estate,-1.2248936,36.8826693,4.8,garbage point,bin,,private,,yes,neat,Roysambu,Garden Estate,4.8,garbage point,bin,,private,,neat
Ruaraka,Babadogo,-1.2224323,36.8819536,4.825,garbage point,bin,,private,,yes,no,Ruaraka,Babadogo,4.825,garbage point,bin,,private,,no
Ruaraka,Babadogo,-1.2226389,36.8825725,4.502,garbage point,bin,,private,,yes,none,Ruaraka,Babadogo,4.502,garbage point,bin,,private,,none
Ruaraka,Babadogo,-1.2213522,36.8819017,4.727,garbage point,bin,,private,,yes,no,Ruaraka,Babadogo,4.727,garbage point,bin,,private,,no
Roysambu,Roysambu,-1.2224117,36.8819907,5.0,garbage point,collection point,,private,,yes,none,Roysambu,Roysambu,5.0,garbage point,collection point,,private,,none
Roysambu,Zimmermann,-1.2009908,36.8836081,4.04,garbage point,illegal dumping,,private,,yes,"there are plans to clear the waste and enforce on any further illegal dumping.
owner to be found and advised on fencing the land.",Roysambu,Zimmermann,4.04,garbage point,illegal dumping,,private,,"there are plans to clear the waste and enforce on any further illegal dumping.
owner to be found and advised on fencing the land."
Roysambu,Zimmermann,-1.2010472,36.8890747,2.55,garbage point,illegal dumping,,public land,,yes,"the waste to be cleared and close the point completely.
community to be engaged on sustainable swm practises.
arrest of culprits dumping illegaly.
regular cleanups and sensitization to be done in the area.",Roysambu,Zimmermann,2.55,garbage point,illegal dumping,,public land,,"the waste to be cleared and close the point completely.
community to be engaged on sustainable swm practises.
arrest of culprits dumping illegaly.
regular cleanups and sensitization to be done in the area."
Kibra,Lindi,-1.3110604,36.7881487,4.339,garbage point,holding ground,,public land,,yes,not maintained,Kibra,Lindi,4.339,garbage point,holding ground,,public land,,not maintained
Kibra,Lindi,-1.3132796,36.7898226,4.645,garbage point,illegal dumping,,public land,,no,very bad condition,Kibra,Lindi,4.645,garbage point,illegal dumping,,public land,,very bad condition
Ruaraka,Utalii,-1.2579407,36.8632002,4.043,garbage point,illegal dumping,,community,,yes,,Ruaraka,Utalii,4.043,garbage point,illegal dumping,,community,,
Roysambu,Githurai,-1.2036125,36.9106787,2.0,garbage point,holding ground,,public land,,yes,used as a temporary holding point for cbos to allow sorting before the waste is collected and transported to the final destination,Roysambu,Githurai,2.0,garbage point,holding ground,,public land,used as a temporary holding point for cbos to allow sorting before the waste is collected and transported to the final destination,used as a temporary holding point for cbos to allow sorting before the waste is collected and transported to the final destination
Ruaraka,Utalii,-1.2598909,36.8617032,4.453,garbage point,illegal dumping,,public land,,yes,the community members were requesting if they can be given these as a collection point,Ruaraka,Utalii,4.453,garbage point,illegal dumping,,public land,,the community members were requesting if they can be given these as a collection point
Ruaraka,Utalii,-1.2589289,36.8619727,4.794,garbage point,illegal dumping,,public land,,yes,,Ruaraka,Utalii,4.794,garbage point,illegal dumping,,public land,,
Roysambu,Githurai,-1.2032345,36.9108607,2.0,garbage point,illegal dumping,,public land,,no,source of the waste is from the surrounding viosks.,Roysambu,Githurai,2.0,garbage point,illegal dumping,,public land,,source of the waste is from the surrounding viosks.
Roysambu,Githurai,-1.2027672,36.9089553,2.5,garbage point,illegal dumping,,private,,no,,Roysambu,Githurai,2.5,garbage point,illegal dumping,,private,,
Roysambu,Githurai,-1.2028536,36.9089068,3.0,garbage point,illegal dumping,,private,,no,the source of waste comes from mama mboga and surrounding viosks,Roysambu,Githurai,3.0,garbage point,illegal dumping,,private,,the source of waste comes from mama mboga and surrounding viosks
Ruaraka,Utalii,-1.2563627,36.8644917,3.844,garbage point,collection point,,public land,,yes,,Ruaraka,Utalii,3.844,garbage point,collection point,,public land,,
Roysambu,Githurai,-1.2024336,36.9106351,2.5,garbage point,holding ground,,public land,,yes,"used as green army holding point.
it's easily accessible by the loading trucks",Roysambu,Githurai,2.5,garbage point,holding ground,,public land,,"used as green army holding point.
it's easily accessible by the loading trucks"
Roysambu,Githurai,-1.2016774,36.9122082,2.0,garbage point,bin,,community,,yes,used by the school and the green army as a collection point,Roysambu,Githurai,2.0,garbage point,bin,,community,,used by the school and the green army as a collection point
Ruaraka,Utalii,-1.2514447,36.8697621,4.114,garbage point,collection point,,public land,,yes,,Ruaraka,Utalii,4.114,garbage point,collection point,,public land,,
Ruaraka,Korogocho,-1.2602614,36.8840281,2.36,garbage point,holding ground,,community,,yes,timely garbage collection needed,Ruaraka,Korogocho,2.36,garbage point,holding ground,,community,,timely garbage collection needed
Ruaraka,Korogocho,-1.251933,36.8871655,4.7,garbage point,illegal dumping,,public land,,yes,,Ruaraka,Korogocho,4.7,garbage point,illegal dumping,,public land,,
Ruaraka,Korogocho,-1.2446643,36.8956776,4.975,garbage point,holding ground,,community,,yes,,Ruaraka,Korogocho,4.975,garbage point,holding ground,,community,,
Ruaraka,Korogocho,-1.247923,36.8927516,4.625,garbage point,illegal dumping,,public land,,yes,,Ruaraka,Korogocho,4.625,garbage point,illegal dumping,,public land,,
Ruaraka,Babadogo,-1.2487177,36.8855987,3.43,garbage point,illegal dumping,,public land,,yes,not good,Ruaraka,Babadogo,3.43,garbage point,illegal dumping,,public land,,not good
Ruaraka,Korogocho,-1.2488711,36.8839217,4.9,garbage point,collection point,,public land,,yes,in good condition,Ruaraka,Korogocho,4.9,garbage point,collection point,,public land,,in good condition
Ruaraka,Babadogo,-1.2414209,36.8828418,3.859,garbage point,illegal dumping,,public land,,yes,laundry next to tread setters,Ruaraka,Babadogo,3.859,garbage point,illegal dumping,,public land,,laundry next to tread setters
Ruaraka,Babadogo,-1.2411533,36.8783948,4.931,garbage point,collection point,,public land,,yes,good,Ruaraka,Babadogo,4.931,garbage point,collection point,,public land,,good
Ruaraka,Babadogo,-1.2450083,36.8681046,4.466,garbage point,illegal dumping,,public land,,yes,bad shape,Ruaraka,Babadogo,4.466,garbage point,illegal dumping,,public land,,bad shape
Ruaraka,Babadogo,-1.245662,36.8886906,3.43,garbage point,illegal dumping,,private,,yes,glucola,Ruaraka,Babadogo,3.43,garbage point,illegal dumping,,private,,glucola
Ruaraka,Mathare North,-1.2516418,36.8748313,3.859,garbage point,collection point,,public land,,yes,area 1,Ruaraka,Mathare North,3.859,garbage point,collection point,,public land,,area 1
Ruaraka,Korogocho,-1.2440134,36.8961081,4.5,garbage point,other,Untreated discharge into the river,public land,,yes,,Ruaraka,Korogocho,4.5,garbage point,other,Untreated discharge into the river,public land,,
Ruaraka,Korogocho,-1.2445547,36.8959386,3.883,garbage point,illegal dumping,,public land,,yes,,Ruaraka,Korogocho,3.883,garbage point,illegal dumping,,public land,,
Ruaraka,Babadogo,-1.245047,36.8680817,4.363,garbage point,illegal dumping,,other,under a foot bridge,yes,no,Ruaraka,Babadogo,4.363,garbage point,illegal dumping,,other,,no
Ruaraka,Babadogo,-1.2457254,36.8681935,4.972,garbage point,illegal dumping,,other,road reserve,yes,no,Ruaraka,Babadogo,4.972,garbage point,illegal dumping,,other,,no
Ruaraka,Mathare North,-1.2536089,36.8702433,4.709,garbage point,collection point,,public land,,yes,no,Ruaraka,Mathare North,4.709,garbage point,collection point,,public land,,no
Ruaraka,Mathare North,-1.2545723,36.8688114,4.704,garbage point,collection point,,public land,,yes,no,Ruaraka,Mathare North,4.704,garbage point,collection point,,public land,,no
Ruaraka,Mathare North,-1.2565195,36.8653699,4.36,garbage point,illegal dumping,,other,riparian reserve,yes,no,Ruaraka,Mathare North,4.36,garbage point,illegal dumping,,other,,no
Roysambu,Zimmermann,-1.2105532,36.8983116,4.984,garbage point,collection point,,public land,,yes,it is spacious and easily accessible by collection trucks,Roysambu,Zimmermann,4.984,garbage point,collection point,,public land,,it is spacious and easily accessible by collection trucks
Roysambu,Zimmermann,-1.2092494,36.8938204,2.5,garbage point,holding ground,,public land,,yes,easily accessible,Roysambu,Zimmermann,2.5,garbage point,holding ground,,public land,,easily accessible
Roysambu,Zimmermann,-1.2115071,36.8952321,2.0,garbage point,illegal dumping,,public land,,no,,Roysambu,Zimmermann,2.0,garbage point,illegal dumping,,public land,,
Roysambu,Zimmermann,-1.2114173,36.8948977,2.5,garbage point,illegal dumping,,public land,,no,alot of garbage burning happens here,Roysambu,Zimmermann,2.5,garbage point,illegal dumping,,public land,,alot of garbage burning happens here
Roysambu,Zimmermann,-1.2125158,36.8936036,3.0,garbage point,collection point,,public land,,yes,,Roysambu,Zimmermann,3.0,garbage point,collection point,,public land,,
Roysambu,Zimmermann,-1.2051671,36.8952688,2.0,garbage point,illegal dumping,,public land,,no,,Roysambu,Zimmermann,2.0,garbage point,illegal dumping,,public land,,
Roysambu,Zimmermann,-1.201045,36.8888492,2.0,garbage point,illegal dumping,,public land,,no,"this is the most dumped area in zimmerman, garbage is from surrounding community. enforcement needed",Roysambu,Zimmermann,2.0,garbage point,illegal dumping,,public land,,"this is the most dumped area in zimmerman, garbage is from surrounding community. enforcement needed"
Roysambu,Zimmermann,-1.2021018,36.8839308,2.0,garbage point,illegal dumping,,public land,,no,it's by the river hence contaminating the water,Roysambu,Zimmermann,2.0,garbage point,illegal dumping,,public land,,it's by the river hence contaminating the water
Roysambu,Kahawa West,-1.1795689,36.9109738,4.833,garbage point,collection point,,public land,,yes,needs immediate collection,Roysambu,Kahawa West,4.833,garbage point,collection point,,public land,,needs immediate collection
Kibra,Makina,-1.3057454,36.7856936,2.15,garbage point,holding ground,,public land,,yes,needs fencing,Kibra,Makina,2.15,garbage point,holding ground,,public land,,needs fencing
Kibra,Makina,-1.3063287,36.7890081,0.735,garbage point,holding ground,,public land,,yes,should be closed down,Kibra,Makina,0.735,garbage point,holding ground,,public land,,should be closed down
Lang'ata,Nairobi West,-1.3062158,36.821721,4.611,garbage point,illegal dumping,,public land,,yes,,Lang'ata,Nairobi West,4.611,garbage point,illegal dumping,,public land,,
Lang'ata,Nairobi West,-1.3174159,36.8195599,4.258,garbage point,illegal dumping,,public land,,yes,,Lang'ata,Nairobi West,4.258,garbage point,illegal dumping,,public land,,
Lang'ata,Nairobi West,-1.3167599,36.8134123,4.39,garbage point,illegal dumping,,public land,,yes,,Lang'ata,Nairobi West,4.39,garbage point,illegal dumping,,public land,,
Lang'ata,Mugumo-ini,-1.3276393,36.7790747,4.795,garbage point,illegal dumping,,public land,,yes,road reserve,Lang'ata,Mugumo-ini,4.795,garbage point,illegal dumping,,public land,road reserve,road reserve
Lang'ata,Mugumo-ini,-1.3286648,36.7795393,4.048,garbage point,illegal dumping,,public land,,yes,road reserve,Lang'ata,Mugumo-ini,4.048,garbage point,illegal dumping,,public land,road reserve,road reserve
Lang'ata,Mugumo-ini,-1.3296155,36.7798372,4.18,garbage point,illegal dumping,,public land,,yes,illegal dumping inside langata cemetery,Lang'ata,Mugumo-ini,4.18,garbage point,illegal dumping,,public land,illegal dumping inside langata cemetery,illegal dumping inside langata cemetery
Lang'ata,Mugumo-ini,-1.3225333,36.7774999,4.724,garbage point,illegal dumping,,public land,,yes,road reserve,Lang'ata,Mugumo-ini,4.724,garbage point,illegal dumping,,public land,road reserve,road reserve
Lang'ata,Mugumo-ini,-1.3215462,36.7779034,4.322,garbage point,illegal dumping,,public land,,yes,road reserve,Lang'ata,Mugumo-ini,4.322,garbage point,illegal dumping,,public land,road reserve,road reserve
Lang'ata,Mugumo-ini,-1.3188571,36.7769277,4.68,garbage point,illegal dumping,,community,,yes,migingo estate,Lang'ata,Mugumo-ini,4.68,garbage point,illegal dumping,,community,migingo estate,migingo estate
Lang'ata,Mugumo-ini,-1.3174488,36.7782453,4.581,garbage point,other,Illegal dumping and Bin,community,,yes,cause of river pollution,Lang'ata,Mugumo-ini,4.581,garbage point,other,Illegal dumping and Bin,community,,cause of river pollution
Lang'ata,Nyayo Highrise,-1.31519,36.8031198,4.751,garbage point,illegal dumping,,public land,,yes,,Lang'ata,Nyayo Highrise,4.751,garbage point,illegal dumping,,public land,,
Lang'ata,Mugumo-ini,-1.3184772,36.7818414,4.805,garbage point,holding ground,,community,,yes,raila village estate,Lang'ata,Mugumo-ini,4.805,garbage point,holding ground,,community,raila village estate,raila village estate
Lang'ata,Mugumo-ini,-1.3181819,36.7835835,3.88,garbage point,illegal dumping,,public land,,yes,road reserve,Lang'ata,Mugumo-ini,3.88,garbage point,illegal dumping,,public land,road reserve,road reserve
Lang'ata,Mugumo-ini,-1.3231246,36.7878761,4.426,garbage point,collection point,,community,,yes,cbo holding point,Lang'ata,Mugumo-ini,4.426,garbage point,collection point,,community,cbo holding point,cbo holding point
Lang'ata,Mugumo-ini,-1.3244792,36.785162,4.749,garbage point,holding ground,,public land,,yes,market,Lang'ata,Mugumo-ini,4.749,garbage point,holding ground,,public land,,market
Lang'ata,Nyayo Highrise,-1.315349,36.7988314,4.942,garbage point,illegal dumping,,public land,,yes,,Lang'ata,Nyayo Highrise,4.942,garbage point,illegal dumping,,public land,,
Lang'ata,Nyayo Highrise,-1.3178969,36.799213,4.045,garbage point,illegal dumping,,public land,,yes,,Lang'ata,Nyayo Highrise,4.045,garbage point,illegal dumping,,public land,,
Roysambu,Githurai,-1.2032781,36.9052524,4.8,garbage point,holding ground,,public land,,yes,used by green army and is easily accessible by truck,Roysambu,Githurai,4.8,garbage point,holding ground,,public land,,used by green army and is easily accessible by truck
Roysambu,Kahawa,-1.1876168,36.90649,4.2,garbage point,illegal dumping,,public land,,yes,none,Roysambu,Kahawa,4.2,garbage point,illegal dumping,,public land,,none
Roysambu,Kahawa,-1.1880552,36.9064522,4.22,garbage point,illegal dumping,,public land,,yes,none,Roysambu,Kahawa,4.22,garbage point,illegal dumping,,public land,,none
Roysambu,Kahawa,-1.1889783,36.9061861,2.35,garbage point,illegal dumping,,public land,,yes,none,Roysambu,Kahawa,2.35,garbage point,illegal dumping,,public land,,none
Roysambu,Kahawa,-1.1896052,36.9061369,2.46,garbage point,illegal dumping,,public land,,yes,none,Roysambu,Kahawa,2.46,garbage point,illegal dumping,,public land,,none
Roysambu,Kahawa,-1.1900502,36.906054,4.06,garbage point,illegal dumping,,public land,,yes,nonr,Roysambu,Kahawa,4.06,garbage point,illegal dumping,,public land,,nonr
Roysambu,Kahawa,-1.1897361,36.9062698,3.42,garbage point,illegal dumping,,public land,,yes,none,Roysambu,Kahawa,3.42,garbage point,illegal dumping,,public land,,none
Roysambu,Kahawa,-1.1913626,36.9059658,3.4,garbage point,illegal dumping,,public land,,yes,none,Roysambu,Kahawa,3.4,garbage point,illegal dumping,,public land,,none
Roysambu,Kahawa,-1.1945777,36.9036644,4.9,garbage point,illegal dumping,,public land,,yes,none,Roysambu,Kahawa,4.9,garbage point,illegal dumping,,public land,,none
Roysambu,Kahawa,-1.1945074,36.9032894,4.683,garbage point,illegal dumping,,public land,,yes,none,Roysambu,Kahawa,4.683,garbage point,illegal dumping,,public land,,none
Kibra,Laini Saba,-1.3117096,36.7932269,4.669,garbage point,illegal dumping,,public land,,yes,,Kibra,Laini Saba,4.669,garbage point,illegal dumping,,public land,,
Roysambu,Roysambu,-1.2229337,36.8834889,4.363,garbage point,holding ground,,public land,,yes,none,Roysambu,Roysambu,4.363,garbage point,holding ground,,public land,,none
Roysambu,Roysambu,-1.2229339,36.883461,4.865,garbage point,collection point,,public land,,yes,no.,Roysambu,Roysambu,4.865,garbage point,collection point,,public land,,no.
Roysambu,Roysambu,-1.22274,36.8827797,4.683,garbage point,collection point,,private,,yes,well maintained,Roysambu,Roysambu,4.683,garbage point,collection point,,private,,well maintained
Roysambu,Githurai,-1.2227315,36.8827606,4.9,garbage point,illegal dumping,,community,,yes,bad,Roysambu,Githurai,4.9,garbage point,illegal dumping,,community,,bad
Roysambu,Roysambu,-1.222781,36.8827659,4.48,garbage point,holding ground,,private,,yes,none,Roysambu,Roysambu,4.48,garbage point,holding ground,,private,,none
Roysambu,Roysambu,-1.2227348,36.8826985,4.383,garbage point,collection point,,private,,yes,no,Roysambu,Roysambu,4.383,garbage point,collection point,,private,,no
Roysambu,Roysambu,-1.2228262,36.8827524,4.8,garbage point,collection point,,private,,no,need of a truck to collect garbage,Roysambu,Roysambu,4.8,garbage point,collection point,,private,,need of a truck to collect garbage
Roysambu,Roysambu,-1.2216436,36.8821392,4.416,garbage point,illegal dumping,,public land,,no,none,Roysambu,Roysambu,4.416,garbage point,illegal dumping,,public land,,none
Roysambu,Roysambu,-1.221732,36.8820498,4.618,garbage point,illegal dumping,,public land,,yes,need to be cleared,Roysambu,Roysambu,4.618,garbage point,illegal dumping,,public land,,need to be cleared
Roysambu,Garden Estate,-1.2216098,36.882103,0.847,garbage point,collection point,,community,,yes,,Roysambu,Garden Estate,0.847,garbage point,collection point,,community,,
Roysambu,Roysambu,-1.2228703,36.8835249,4.78,garbage point,collection point,,public land,,yes,no,Roysambu,Roysambu,4.78,garbage point,collection point,,public land,,no
Roysambu,Roysambu,-1.2214698,36.8819343,4.44,garbage point,bin,,private,,yes,well placed,Roysambu,Roysambu,4.44,garbage point,bin,,private,,well placed
Roysambu,Roysambu,-1.2216739,36.8822098,4.278,garbage point,holding ground,,private,,yes,no,Roysambu,Roysambu,4.278,garbage point,holding ground,,private,,no
Roysambu,Roysambu,-1.2216183,36.8817108,4.916,garbage point,illegal dumping,,public land,,yes,excavated soil accumulation,Roysambu,Roysambu,4.916,garbage point,illegal dumping,,public land,,excavated soil accumulation
Kibra,Lindi,-1.2214579,36.8821341,2.3,garbage point,bin,,public land,,yes,old,Kibra,Lindi,2.3,garbage point,bin,,public land,,old
Roysambu,Roysambu,-1.2214549,36.8820055,4.585,garbage point,illegal dumping,,community,,yes,,Roysambu,Roysambu,4.585,garbage point,illegal dumping,,community,,
Roysambu,Roysambu,-1.2227331,36.8827113,3.81,garbage point,collection point,,community,,yes,none,Roysambu,Roysambu,3.81,garbage point,collection point,,community,,none
Roysambu,Roysambu,-1.2216712,36.8822012,4.75,garbage point,collection point,,private,,no,needs maintenance,Roysambu,Roysambu,4.75,garbage point,collection point,,private,,needs maintenance
Roysambu,Roysambu,-1.2216605,36.8821245,4.42,garbage point,illegal dumping,,private,,no,the site to be rehabilitated,Roysambu,Roysambu,4.42,garbage point,illegal dumping,,private,,the site to be rehabilitated
Lang'ata,Nyayo Highrise,-1.2227533,36.8823201,1.036,garbage point,bin,,private,,yes,needs collection,Lang'ata,Nyayo Highrise,1.036,garbage point,bin,,private,,needs collection
Lang'ata,Nyayo Highrise,-1.2225289,36.8821812,0.738,garbage point,bin,,private,,yes,needs cleaning,Lang'ata,Nyayo Highrise,0.738,garbage point,bin,,private,,needs cleaning
Lang'ata,Nyayo Highrise,-1.2225156,36.8821668,1.001,garbage point,other,Drainage,private,,yes,needs unblocking,Lang'ata,Nyayo Highrise,1.001,garbage point,other,Drainage,private,,needs unblocking
Lang'ata,Nyayo Highrise,-1.222935,36.8841392,4.94,garbage point,collection point,,private,,yes,needs collection,Lang'ata,Nyayo Highrise,4.94,garbage point,collection point,,private,,needs collection
Lang'ata,Nyayo Highrise,-1.222952,36.8834222,1.478,garbage point,other,Manholes,private,,yes,needs maintainance,Lang'ata,Nyayo Highrise,1.478,garbage point,other,Manholes,private,,needs maintainance
Roysambu,Roysambu,-1.223039,36.8831812,4.85,garbage point,bin,,private,,yes,privately owned,Roysambu,Roysambu,4.85,garbage point,bin,,private,,privately owned
Roysambu,Roysambu,-1.2248364,36.8826611,4.764,garbage point,collection point,,private,,yes,alright,Roysambu,Roysambu,4.764,garbage point,collection point,,private,,alright
Roysambu,Roysambu,-1.2226635,36.8840204,4.366,garbage point,bin,,private,,yes,not in use,Roysambu,Roysambu,4.366,garbage point,bin,,private,,not in use
Roysambu,Roysambu,-1.2232344,36.8822696,4.483,garbage point,illegal dumping,,private,,yes,,Roysambu,Roysambu,4.483,garbage point,illegal dumping,,private,,
Roysambu,Roysambu,-1.2237436,36.882805,4.974,garbage point,bin,,private,,yes,strategically placed,Roysambu,Roysambu,4.974,garbage point,bin,,private,,strategically placed
Roysambu,Roysambu,-1.2229224,36.883226,3.95,garbage point,holding ground,,public land,,yes,needs collection,Roysambu,Roysambu,3.95,garbage point,holding ground,,public land,,needs collection
Kibra,Woodley/Kenyatta Golf Course,-1.2249642,36.8832399,4.666,garbage point,illegal dumping,,public land,,yes,,Kibra,Woodley/Kenyatta Golf Course,4.666,garbage point,illegal dumping,,public land,,
Roysambu,Roysambu,-1.2229891,36.8832382,4.908,garbage point,holding ground,,private,,yes,,Roysambu,Roysambu,4.908,garbage point,holding ground,,private,,
Roysambu,Roysambu,-1.2231786,36.8830954,4.803,garbage point,bin,,private,,yes,strategically located,Roysambu,Roysambu,4.803,garbage point,bin,,private,,strategically located
Roysambu,Roysambu,-1.2230937,36.8830356,4.8,garbage point,bin,,private,,yes,well maintained,Roysambu,Roysambu,4.8,garbage point,bin,,private,,well maintained
Ruaraka,Mathare North,-1.2248162,36.8825423,4.462,garbage point,bin,,private,,yes,the bin is well placed,Ruaraka,Mathare North,4.462,garbage point,bin,,private,,the bin is well placed
Roysambu,Roysambu,-1.2232996,36.8822822,2.875,garbage point,bin,,private,,yes,well maintained,Roysambu,Roysambu,2.875,garbage point,bin,,private,,well maintained
Kibra,Woodley/Kenyatta Golf Course,-1.2229513,36.8840277,4.884,garbage point,holding ground,,public land,,yes,no water point used,Kibra,Woodley/Kenyatta Golf Course,4.884,garbage point,holding ground,,public land,,no water point used
Roysambu,Roysambu,-1.2228569,36.8823227,4.8,garbage point,bin,,public land,,yes,,Roysambu,Roysambu,4.8,garbage point,bin,,public land,,
Roysambu,Roysambu,-1.2227163,36.8840041,3.366,garbage point,holding ground,,private,,yes,in a good condition,Roysambu,Roysambu,3.366,garbage point,holding ground,,private,,in a good condition
Roysambu,Roysambu,-1.2248675,36.8826285,4.716,garbage point,bin,,private,,yes,,Roysambu,Roysambu,4.716,garbage point,bin,,private,,
Roysambu,Roysambu,-1.2237755,36.8826562,3.068,garbage point,bin,,private,,yes,improve on waste segregation,Roysambu,Roysambu,3.068,garbage point,bin,,private,,improve on waste segregation
Roysambu,Roysambu,-1.2231262,36.8837076,4.4,garbage point,bin,,private,,yes,,Roysambu,Roysambu,4.4,garbage point,bin,,private,,
Kibra,Woodley/Kenyatta Golf Course,-1.2249195,36.8826151,4.997,garbage point,bin,,public land,,yes,no,Kibra,Woodley/Kenyatta Golf Course,4.997,garbage point,bin,,public land,,no
Roysambu,Roysambu,-1.2221538,36.8815218,4.065,garbage point,bin,,private,,yes,,Roysambu,Roysambu,4.065,garbage point,bin,,private,,
Roysambu,Roysambu,-1.2233018,36.8822765,3.857,garbage point,bin,,private,,yes,,Roysambu,Roysambu,3.857,garbage point,bin,,private,,
Roysambu,Roysambu,-1.2236645,36.8834955,4.1,garbage point,bin,,private,,yes,,Roysambu,Roysambu,4.1,garbage point,bin,,private,,
Roysambu,Roysambu,-1.2225318,36.8819036,3.814,garbage point,bin,,private,,yes,,Roysambu,Roysambu,3.814,garbage point,bin,,private,,
Roysambu,Roysambu,-1.2234446,36.8828897,4.863,garbage point,collection point,,private,,yes,,Roysambu,Roysambu,4.863,garbage point,collection point,,private,,
Roysambu,Roysambu,-1.2233499,36.8826284,4.672,garbage point,illegal dumping,,private,,yes,,Roysambu,Roysambu,4.672,garbage point,illegal dumping,,private,,
Lang'ata,Mugumo-ini,-1.2229407,36.8840775,4.82,garbage point,holding ground,,public land,,no,found in a residential area,Lang'ata,Mugumo-ini,4.82,garbage point,holding ground,,public land,,found in a residential area
Kamukunji,Airbase,-1.2249018,36.8827493,4.613,garbage point,bin,,private,,yes,Great,Kamukunji,Airbase,4.613,garbage point,bin,,private,,Great
Makadara,Harambee,-1.2225102,36.8818733,4.005,garbage point,holding ground,,community,,yes,,Makadara,Harambee,4.005,garbage point,holding ground,,community,,
Kamukunji,Pumwani,-1.2236557,36.8825109,4.099,garbage point,illegal dumping,,public land,,yes,Needs to be closed down,Kamukunji,Pumwani,4.099,garbage point,illegal dumping,,public land,,Needs to be closed down
Embakasi South,Kware,-1.2228389,36.8841396,4.93,garbage point,holding ground,,public land,,yes,,Embakasi South,Kware,4.93,garbage point,holding ground,,public land,,
Westlands,Parklands/Highridge,-1.2226057,36.8841806,4.9,garbage point,collection point,,private,,yes,There's need for frequent collection to avoid heaping of garbage.,Westlands,Parklands/Highridge,4.9,garbage point,collection point,,private,,There's need for frequent collection to avoid heaping of garbage.
Kasarani,Njiru,-1.2228144,36.881808,4.417,garbage point,bin,,private,,yes,Helps maintain the compound clean,Kasarani,Njiru,4.417,garbage point,bin,,private,,Helps maintain the compound clean
Kasarani,Njiru,-1.221795,36.8820686,2.496,garbage point,illegal dumping,,other,roadside damping,yes,Illegal,Kasarani,Njiru,2.496,garbage point,illegal dumping,,other,,Illegal
Kasarani,Njiru,-1.2217641,36.882136,3.942,garbage point,illegal dumping,,community,,yes,Foul odors at the neighborhood,Kasarani,Njiru,3.942,garbage point,illegal dumping,,community,,Foul odors at the neighborhood
Kasarani,Njiru,-1.2219214,36.8821421,2.158,garbage point,other,Drainage,community,,yes,Drainage,Kasarani,Njiru,2.158,garbage point,other,Drainage,community,,Drainage
Kasarani,Kasarani,-1.2228923,36.8820761,3.178,garbage point,bin,,private,,yes,The bin is artistic,Kasarani,Kasarani,3.178,garbage point,bin,,private,,The bin is artistic
Kasarani,Ruai,-1.2220127,36.8821794,5.0,garbage point,bin,,private,,yes,,Kasarani,Ruai,5.0,garbage point,bin,,private,,
Kamukunji,Eastleigh North,-1.2236882,36.8825808,3.798,garbage point,holding ground,,public land,,yes,,Kamukunji,Eastleigh North,3.798,garbage point,holding ground,,public land,,
Dagoretti North,Kilimani,-1.2230384,36.8823916,4.4,garbage point,collection point,,private,,yes,Bin,Dagoretti North,Kilimani,4.4,garbage point,collection point,,private,,Bin
Kasarani,Kasarani,-1.2232815,36.8822966,4.916,garbage point,bin,,private,,yes,No,Kasarani,Kasarani,4.916,garbage point,bin,,private,,No
Dagoretti North,Kawangware,-1.2226654,36.8823125,4.083,garbage point,collection point,,private,,yes,Well maintained,Dagoretti North,Kawangware,4.083,garbage point,collection point,,private,,Well maintained
Dagoretti North,Kawangware,-1.2225233,36.882207,4.866,garbage point,bin,,private,,yes,Good,Dagoretti North,Kawangware,4.866,garbage point,bin,,private,,Good
Dagoretti North,Kawangware,-1.2225383,36.8819367,2.6,garbage point,bin,,private,,no,Very nice,Dagoretti North,Kawangware,2.6,garbage point,bin,,private,,Very nice
Kasarani,Kasarani,-1.2227062,36.8826192,4.6,garbage point,bin,,private,,yes,No,Kasarani,Kasarani,4.6,garbage point,bin,,private,,No
Dagoretti North,Kawangware,-1.2218913,36.8823122,5.0,garbage point,bin,,private,,yes,Good,Dagoretti North,Kawangware,5.0,garbage point,bin,,private,,Good
Dagoretti North,Kawangware,-1.2219618,36.8817059,3.86,garbage point,holding ground,,private,,no,Nice,Dagoretti North,Kawangware,3.86,garbage point,holding ground,,private,,Nice
Makadara,Harambee,-1.2218851,36.8817851,4.988,garbage point,collection point,,community,,yes,,Makadara,Harambee,4.988,garbage point,collection point,,community,,
Embakasi South,Pipeline,-1.224863,36.8827121,4.633,garbage point,bin,,private,,yes,Very nice to use,Embakasi South,Pipeline,4.633,garbage point,bin,,private,,Very nice to use
Makadara,Makongeni,-1.2990268,36.8602237,2.923,garbage point,holding ground,,public land,,yes,,Makadara,Makongeni,2.923,garbage point,holding ground,,public land,,
Makadara,Makongeni,-1.2976869,36.8638031,2.4,garbage point,illegal dumping,,community,,yes,On the road side within residential area,Makadara,Makongeni,2.4,garbage point,illegal dumping,,community,,On the road side within residential area
Makadara,Makongeni,-1.298473,36.8640175,4.675,garbage point,illegal dumping,,public land,,yes,,Makadara,Makongeni,4.675,garbage point,illegal dumping,,public land,,
Makadara,Makongeni,-1.2971667,36.8631754,3.641,garbage point,illegal dumping,,public land,,yes,,Makadara,Makongeni,3.641,garbage point,illegal dumping,,public land,,
Kamukunji,Pumwani,-1.2852059,36.8466641,0.917,garbage point,collection point,,public land,,yes,Need to be cleared,Kamukunji,Pumwani,0.917,garbage point,collection point,,public land,,Need to be cleared
Kamukunji,Pumwani,-1.2837155,36.8458503,1.642,garbage point,holding ground,,private,,yes,Need to collect the waste frequently,Kamukunji,Pumwani,1.642,garbage point,holding ground,,private,,Need to collect the waste frequently
Kamukunji,Pumwani,-1.2880974,36.8449461,1.179,garbage point,illegal dumping,,public land,,yes,Illegal dumping ground,Kamukunji,Pumwani,1.179,garbage point,illegal dumping,,public land,,Illegal dumping ground
Dagoretti North,Kileleshwa,-1.2768044,36.7913661,3.987,garbage point,holding ground,,public land,,yes,"1.Classification bins should be put to ensure environmental cleanliness.
2.Boundaries should be put to avoid spillage
3.Collection should be done regularly to avoid forming a dumpsite.",Dagoretti North,Kileleshwa,3.987,garbage point,holding ground,,public land,,"1.Classification bins should be put to ensure environmental cleanliness.
2.Boundaries should be put to avoid spillage
3.Collection should be done regularly to avoid forming a dumpsite."
Makadara,Makongeni,-1.2999555,36.8490689,4.797,garbage point,collection point,,public land,,yes,,Makadara,Makongeni,4.797,garbage point,collection point,,public land,,
Makadara,Makongeni,-1.2985295,36.8447916,1.771,garbage point,illegal dumping,,public land,,yes,,Makadara,Makongeni,1.771,garbage point,illegal dumping,,public land,,
Kamukunji,Pumwani,-1.2898132,36.8463177,2.885,garbage point,holding ground,,public land,,yes,Need for collection,Kamukunji,Pumwani,2.885,garbage point,holding ground,,public land,,Need for collection
Kamukunji,Pumwani,-1.2896746,36.846725,2.685,garbage point,collection point,,public land,,yes,Need to be collected,Kamukunji,Pumwani,2.685,garbage point,collection point,,public land,,Need to be collected
Makadara,Harambee,-1.2871353,36.8731751,2.662,garbage point,holding ground,,public land,,yes,,Makadara,Harambee,2.662,garbage point,holding ground,,public land,,
Makadara,Harambee,-1.2881031,36.8744543,4.3,garbage point,holding ground,,public land,,yes,,Makadara,Harambee,4.3,garbage point,holding ground,,public land,,
Makadara,Harambee,-1.2909785,36.8708978,3.933,garbage point,holding ground,,public land,,yes,,Makadara,Harambee,3.933,garbage point,holding ground,,public land,,
Makadara,Harambee,-1.2842122,36.8724757,4.35,garbage point,collection point,,public land,,yes,,Makadara,Harambee,4.35,garbage point,collection point,,public land,,
Makadara,Harambee,-1.2854844,36.8704129,4.886,garbage point,holding ground,,public land,,yes,,Makadara,Harambee,4.886,garbage point,holding ground,,public land,,
Embakasi South,Pipeline,-1.3224448,36.8955352,4.744,garbage point,holding ground,,private,,yes,,Embakasi South,Pipeline,4.744,garbage point,holding ground,,private,,
Embakasi South,Pipeline,-1.3207286,36.8946461,4.987,garbage point,holding ground,,private,,yes,,Embakasi South,Pipeline,4.987,garbage point,holding ground,,private,,
Embakasi South,Kware,-1.3203926,36.8943654,4.881,garbage point,holding ground,,private,,yes,,Embakasi South,Kware,4.881,garbage point,holding ground,,private,,
Embakasi South,Kware,-1.3192143,36.8934344,4.824,garbage point,holding ground,,private,,yes,,Embakasi South,Kware,4.824,garbage point,holding ground,,private,,
Embakasi South,Kware,-1.3184638,36.8933483,4.392,garbage point,illegal dumping,,private,,yes,,Embakasi South,Kware,4.392,garbage point,illegal dumping,,private,,
Embakasi South,Pipeline,-1.315837,36.8918857,4.975,garbage point,holding ground,,private,,yes,,Embakasi South,Pipeline,4.975,garbage point,holding ground,,private,,
Embakasi South,Pipeline,-1.3148323,36.8910788,4.884,garbage point,holding ground,,private,,yes,,Embakasi South,Pipeline,4.884,garbage point,holding ground,,private,,
Embakasi South,Kware,-1.314064,36.8902858,4.874,garbage point,holding ground,,private,,yes,,Embakasi South,Kware,4.874,garbage point,holding ground,,private,,
Embakasi South,Kware,-1.3123672,36.8893696,4.762,garbage point,holding ground,,private,,yes,,Embakasi South,Kware,4.762,garbage point,holding ground,,private,,
Embakasi South,Pipeline,-1.3110446,36.8885422,4.586,garbage point,holding ground,,private,,yes,,Embakasi South,Pipeline,4.586,garbage point,holding ground,,private,,
Embakasi South,Kware,-1.3120568,36.8880403,4.986,garbage point,illegal dumping,,private,,yes,,Embakasi South,Kware,4.986,garbage point,illegal dumping,,private,,
Embakasi South,Kware,-1.3120961,36.8864378,4.503,garbage point,collection point,,private,,yes,,Embakasi South,Kware,4.503,garbage point,collection point,,private,,
Embakasi South,Imara Daima,-1.325655,36.8861595,4.96,garbage point,illegal dumping,,public land,,yes,,Embakasi South,Imara Daima,4.96,garbage point,illegal dumping,,public land,,
Embakasi South,Imara Daima,-1.324797,36.8855075,2.52,garbage point,collection point,,other,along the road,yes,,Embakasi South,Imara Daima,2.52,garbage point,collection point,,other,,
Embakasi South,Imara Daima,-1.3270311,36.8841261,4.725,garbage point,illegal dumping,,private,,yes,,Embakasi South,Imara Daima,4.725,garbage point,illegal dumping,,private,,
Embakasi South,Imara Daima,-1.3255551,36.8876282,4.379,garbage point,collection point,,other,on the side of the road,yes,,Embakasi South,Imara Daima,4.379,garbage point,collection point,,other,,
Embakasi South,Imara Daima,-1.3208981,36.882559,4.966,garbage point,illegal dumping,,private,,yes,,Embakasi South,Imara Daima,4.966,garbage point,illegal dumping,,private,,
Embakasi South,Imara Daima,-1.3203671,36.8831743,4.74,garbage point,illegal dumping,,community,,yes,,Embakasi South,Imara Daima,4.74,garbage point,illegal dumping,,community,,
Embakasi South,Imara Daima,-1.3199344,36.883753,4.62,garbage point,illegal dumping,,other,along the river,yes,,Embakasi South,Imara Daima,4.62,garbage point,illegal dumping,,other,,
Embakasi South,Imara Daima,-1.3189179,36.8845935,5.0,garbage point,illegal dumping,,community,,yes,,Embakasi South,Imara Daima,5.0,garbage point,illegal dumping,,community,,
Embakasi South,Imara Daima,-1.3194283,36.8821333,4.6,garbage point,holding ground,,community,,yes,,Embakasi South,Imara Daima,4.6,garbage point,holding ground,,community,,
Kasarani,Njiru,-1.2485817,36.9452734,3.7,garbage point,collection point,,public land,,yes,,Kasarani,Njiru,3.7,garbage point,collection point,,public land,,
Embakasi North,Dandora Area III,-1.2467283,36.9051687,3.99,garbage point,illegal dumping,,other,along tom mboya primary school perimeter wall,no,Illegal dumping should be eliminated,Embakasi North,Dandora Area III,3.99,garbage point,illegal dumping,,other,along tom mboya primary school perimeter wall,Illegal dumping should be eliminated
Embakasi North,Dandora Area III,-1.2459867,36.9056418,4.976,garbage point,illegal dumping,,other,near dandora stadium entrance,no,Dumping should be cleared and monitoring/enforcement to be continued,Embakasi North,Dandora Area III,4.976,garbage point,illegal dumping,,other,near dandora stadium entrance,Dumping should be cleared and monitoring/enforcement to be continued
Embakasi North,Dandora Area III,-1.2447516,36.9053769,2.566,garbage point,bin,,other,dandora stadium,yes,,Embakasi North,Dandora Area III,2.566,garbage point,bin,,other,,
Embakasi North,Dandora Area III,-1.2451182,36.9052058,3.4,garbage point,bin,,other,dandora stadium,yes,,Embakasi North,Dandora Area III,3.4,garbage point,bin,,other,,
Embakasi North,Dandora Area III,-1.2510138,36.9043427,4.7,garbage point,illegal dumping,,other,along cllr opudo road,no,Waste to be cleared and monitoring and enforcement to be continued,Embakasi North,Dandora Area III,4.7,garbage point,illegal dumping,,other,along cllr opudo road,Waste to be cleared and monitoring and enforcement to be continued
Embakasi North,Dandora Area III,-1.2512006,36.9034719,2.95,garbage point,collection point,,private,,no,,Embakasi North,Dandora Area III,2.95,garbage point,collection point,,private,,
Embakasi North,Dandora Area III,-1.2459695,36.904452,4.965,garbage point,illegal dumping,,other,along john osogo road,no,Garbage to be cleared and monitoring and enforcement to be continued,Embakasi North,Dandora Area III,4.965,garbage point,illegal dumping,,other,along john osogo road,Garbage to be cleared and monitoring and enforcement to be continued
Embakasi North,Dandora Area III,-1.2461571,36.9042166,3.2,garbage point,illegal dumping,,other,along john osogo road,yes,Garbage to be cleared and monitoring and enforcement to continue,Embakasi North,Dandora Area III,3.2,garbage point,illegal dumping,,other,along john osogo road,Garbage to be cleared and monitoring and enforcement to continue
Embakasi North,Dandora Area III,-1.2462212,36.9040728,2.4,garbage point,other,Illegal dumping and burning of waste,other,along john osogo road,yes,Garbage to be cleared and awareness creation and enforcement,Embakasi North,Dandora Area III,2.4,garbage point,other,Illegal dumping and burning of waste,other,along john osogo road,Garbage to be cleared and awareness creation and enforcement
Dagoretti North,Kilimani,-1.2874326,36.8114486,3.9,garbage point,collection point,,public land,,yes,,Dagoretti North,Kilimani,3.9,garbage point,collection point,,public land,,
Makadara,Viwandani,-1.3085431,36.863891,3.854,garbage point,collection point,,public land,,yes,,Makadara,Viwandani,3.854,garbage point,collection point,,public land,,
Makadara,Viwandani,-1.3095056,36.8619112,4.671,garbage point,holding ground,,private,,no,Private company,Makadara,Viwandani,4.671,garbage point,holding ground,,private,,Private company
Makadara,Maringo/ Hamza,-1.293844,36.8626423,4.881,garbage point,illegal dumping,,public land,,yes,,Makadara,Maringo/ Hamza,4.881,garbage point,illegal dumping,,public land,,
Makadara,Maringo/ Hamza,-1.2935397,36.8623276,4.994,garbage point,bin,,public land,,yes,,Makadara,Maringo/ Hamza,4.994,garbage point,bin,,public land,,
Makadara,Viwandani,-1.3083504,36.8789252,4.719,garbage point,collection point,,public land,,yes,Open air burning is a major challenge,Makadara,Viwandani,4.719,garbage point,collection point,,public land,,Open air burning is a major challenge
Dagoretti North,Kilimani,-1.2938974,36.7947387,2.883,garbage point,illegal dumping,,private,,yes,,Dagoretti North,Kilimani,2.883,garbage point,illegal dumping,,private,,
Embakasi North,Kariobangi North,-1.2525338,36.8812655,3.878,garbage point,holding ground,,other,roadside,no,"Not a good site, unhealthy and would require prompt collection on a regular basis",Embakasi North,Kariobangi North,3.878,garbage point,holding ground,,other,,"Not a good site, unhealthy and would require prompt collection on a regular basis"
Embakasi North,Kariobangi North,-1.2556586,36.8827745,4.805,garbage point,holding ground,,other,roadside,no,Requires prompt collection and getting an alternative holding/collection point,Embakasi North,Kariobangi North,4.805,garbage point,holding ground,,other,,Requires prompt collection and getting an alternative holding/collection point
Embakasi North,Kariobangi North,-1.2621216,36.88243,4.637,garbage point,illegal dumping,,other,besides the river bank,no,"Illegal dumping is a menace, sensitization and creation of awareness to be intensified to curb illegal dumping esp on our water catchment areas",Embakasi North,Kariobangi North,4.637,garbage point,illegal dumping,,other,,"Illegal dumping is a menace, sensitization and creation of awareness to be intensified to curb illegal dumping esp on our water catchment areas"
Embakasi South,Pipeline,-1.3227459,36.8986237,2.708,garbage point,collection point,,community,,yes,Help prevent illegal dumping,Embakasi South,Pipeline,2.708,garbage point,collection point,,community,,Help prevent illegal dumping
Kasarani,Kasarani,-1.2207298,36.9022521,3.422,garbage point,bin,,public land,,yes,No,Kasarani,Kasarani,3.422,garbage point,bin,,public land,,No
Embakasi South,Pipeline,-1.3209663,36.8977393,2.0,garbage point,illegal dumping,,public land,,no,Illegal dumping,Embakasi South,Pipeline,2.0,garbage point,illegal dumping,,public land,,Illegal dumping
Embakasi South,Pipeline,-1.3197965,36.8947099,4.557,garbage point,illegal dumping,,public land,,no,It is not pleasing.,Embakasi South,Pipeline,4.557,garbage point,illegal dumping,,public land,,It is not pleasing.
Dagoretti North,Kawangware,-1.2810564,36.742515,5.0,garbage point,collection point,,public land,,no,The site is illegal and should be cleared,Dagoretti North,Kawangware,5.0,garbage point,collection point,,public land,,The site is illegal and should be cleared
Dagoretti North,Kawangware,-1.287193,36.7478689,4.05,garbage point,collection point,,public land,,no,The site should be rehabilitated and later moved,Dagoretti North,Kawangware,4.05,garbage point,collection point,,public land,,The site should be rehabilitated and later moved
Kamukunji,Eastleigh North,-1.2786228,36.8461949,4.828,garbage point,collection point,,public land,,no,,Kamukunji,Eastleigh North,4.828,garbage point,collection point,,public land,,
Kamukunji,Airbase,-1.2715148,36.8503833,4.901,garbage point,holding ground,,public land,,no,,Kamukunji,Airbase,4.901,garbage point,holding ground,,public land,,
Westlands,Karura,-1.2629185,36.8258686,4.818,garbage point,bin,,private,,yes,Frequently emptied,Westlands,Karura,4.818,garbage point,bin,,private,,Frequently emptied
Westlands,Karura,-1.2629124,36.8284709,1.302,garbage point,bin,,public land,,yes,It controls illegal dumping,Westlands,Karura,1.302,garbage point,bin,,public land,,It controls illegal dumping
Westlands,Karura,-1.2648678,36.8286313,1.935,garbage point,collection point,,public land,,yes,When filled it's always collected,Westlands,Karura,1.935,garbage point,collection point,,public land,,When filled it's always collected
Westlands,Karura,-1.2621119,36.826925,2.228,garbage point,collection point,,public land,,yes,Garbage is collected frequently,Westlands,Karura,2.228,garbage point,collection point,,public land,,Garbage is collected frequently
Dagoretti North,Kilimani,-1.2826438,36.8105279,3.55,garbage point,bin,,private,,yes,Community,Dagoretti North,Kilimani,3.55,garbage point,bin,,private,,Community
Westlands,Parklands/Highridge,-1.2645188,36.801868,4.9,garbage point,illegal dumping,,public land,,yes,,Westlands,Parklands/Highridge,4.9,garbage point,illegal dumping,,public land,,
Westlands,Parklands/Highridge,-1.2643758,36.8022771,4.74,garbage point,bin,,public land,,yes,,Westlands,Parklands/Highridge,4.74,garbage point,bin,,public land,,
Westlands,Parklands/Highridge,-1.2658973,36.8036383,4.9,garbage point,illegal dumping,,public land,,yes,,Westlands,Parklands/Highridge,4.9,garbage point,illegal dumping,,public land,,
Westlands,Parklands/Highridge,-1.2648432,36.8051832,4.774,garbage point,collection point,,private,,yes,Owned by Gentleman's Club,Westlands,Parklands/Highridge,4.774,garbage point,collection point,,private,Owned by Gentleman's Club,Owned by Gentleman's Club
Westlands,Parklands/Highridge,-1.2643534,36.806041,4.9,garbage point,illegal dumping,,public land,,yes,,Westlands,Parklands/Highridge,4.9,garbage point,illegal dumping,,public land,,
Westlands,Parklands/Highridge,-1.2643655,36.8061025,4.9,garbage point,illegal dumping,,public land,,yes,,Westlands,Parklands/Highridge,4.9,garbage point,illegal dumping,,public land,,
Westlands,Parklands/Highridge,-1.2632427,36.8066847,4.9,garbage point,illegal dumping,,public land,,yes,,Westlands,Parklands/Highridge,4.9,garbage point,illegal dumping,,public land,,
Westlands,Parklands/Highridge,-1.2637078,36.8076772,4.9,garbage point,other,Material Recovery Facility,private,,yes,,Westlands,Parklands/Highridge,4.9,garbage point,other,Material Recovery Facility,private,,
Westlands,Parklands/Highridge,-1.2637033,36.8078105,4.9,garbage point,illegal dumping,,public land,,yes,,Westlands,Parklands/Highridge,4.9,garbage point,illegal dumping,,public land,,
Westlands,Parklands/Highridge,-1.2640979,36.8078478,4.78,garbage point,illegal dumping,,public land,,yes,,Westlands,Parklands/Highridge,4.78,garbage point,illegal dumping,,public land,,
Westlands,Parklands/Highridge,-1.2634885,36.8163621,4.996,garbage point,illegal dumping,,public land,,yes,,Westlands,Parklands/Highridge,4.996,garbage point,illegal dumping,,public land,,
Westlands,Parklands/Highridge,-1.2636715,36.8163487,4.9,garbage point,collection point,,public land,,yes,,Westlands,Parklands/Highridge,4.9,garbage point,collection point,,public land,,
Dagoretti North,Kilimani,-1.2897639,36.8168786,3.7,garbage point,bin,,public land,,yes,No,Dagoretti North,Kilimani,3.7,garbage point,bin,,public land,,No
Dagoretti North,Kilimani,-1.2876946,36.8162309,2.383,garbage point,bin,,public land,,yes,No,Dagoretti North,Kilimani,2.383,garbage point,bin,,public land,,No
Dagoretti North,Kilimani,-1.2886789,36.8151163,4.55,garbage point,collection point,,public land,,yes,No,Dagoretti North,Kilimani,4.55,garbage point,collection point,,public land,,No
Dagoretti North,Kilimani,-1.2887488,36.8151962,3.8,garbage point,bin,,public land,,yes,No,Dagoretti North,Kilimani,3.8,garbage point,bin,,public land,,No
Dagoretti North,Kilimani,-1.288819,36.8152232,3.542,garbage point,bin,,public land,,yes,No,Dagoretti North,Kilimani,3.542,garbage point,bin,,public land,,No
Dagoretti North,Kileleshwa,-1.289858,36.7769815,4.93,garbage point,bin,,private,,yes,,Dagoretti North,Kileleshwa,4.93,garbage point,bin,,private,,
Dagoretti North,Kileleshwa,-1.2736144,36.7886513,4.755,garbage point,holding ground,,private,,yes,,Dagoretti North,Kileleshwa,4.755,garbage point,holding ground,,private,,
Dagoretti North,Kileleshwa,-1.273634,36.7887772,4.75,garbage point,holding ground,,private,,yes,,Dagoretti North,Kileleshwa,4.75,garbage point,holding ground,,private,,
Dagoretti North,Kileleshwa,-1.2759823,36.7924824,4.92,garbage point,bin,,private,,yes,,Dagoretti North,Kileleshwa,4.92,garbage point,bin,,private,,
Kasarani,Njiru,-1.2537296,36.9173243,2.816,garbage point,collection point,,public land,,yes,,Kasarani,Njiru,2.816,garbage point,collection point,,public land,,
Westlands,Karura,-1.2164594,36.8253668,1.633,garbage point,illegal dumping,,private,,yes,It should be cleared,Westlands,Karura,1.633,garbage point,illegal dumping,,private,,It should be cleared
Westlands,Karura,-1.2154048,36.8256282,4.988,garbage point,illegal dumping,,private,,yes,To be cleared,Westlands,Karura,4.988,garbage point,illegal dumping,,private,,To be cleared
Westlands,Karura,-1.2166095,36.8256888,1.336,garbage point,collection point,,public land,,yes,To be collected,Westlands,Karura,1.336,garbage point,collection point,,public land,,To be collected
Westlands,Parklands/Highridge,-1.2585616,36.8174886,4.384,garbage point,holding ground,,private,,yes,Majorly holds organic waste from the market,Westlands,Parklands/Highridge,4.384,garbage point,holding ground,,private,,Majorly holds organic waste from the market
Westlands,Parklands/Highridge,-1.2574846,36.8157753,4.054,garbage point,illegal dumping,,public land,,yes,,Westlands,Parklands/Highridge,4.054,garbage point,illegal dumping,,public land,,
Westlands,Parklands/Highridge,-1.2544316,36.8142671,4.9,garbage point,illegal dumping,,public land,,yes,,Westlands,Parklands/Highridge,4.9,garbage point,illegal dumping,,public land,,
Westlands,Parklands/Highridge,-1.2544562,36.8137,4.9,garbage point,illegal dumping,,public land,,yes,,Westlands,Parklands/Highridge,4.9,garbage point,illegal dumping,,public land,,
Westlands,Parklands/Highridge,-1.2548361,36.8128613,4.9,garbage point,illegal dumping,,public land,,yes,,Westlands,Parklands/Highridge,4.9,garbage point,illegal dumping,,public land,,
Westlands,Parklands/Highridge,-1.2549979,36.812414,4.386,garbage point,illegal dumping,,public land,,yes,,Westlands,Parklands/Highridge,4.386,garbage point,illegal dumping,,public land,,
Westlands,Parklands/Highridge,-1.2549464,36.8110217,4.9,garbage point,illegal dumping,,public land,,yes,,Westlands,Parklands/Highridge,4.9,garbage point,illegal dumping,,public land,,
Westlands,Parklands/Highridge,-1.2538689,36.8148307,4.597,garbage point,collection point,,public land,,yes,,Westlands,Parklands/Highridge,4.597,garbage point,collection point,,public land,,
Westlands,Parklands/Highridge,-1.2576104,36.8241615,4.9,garbage point,illegal dumping,,public land,,yes,,Westlands,Parklands/Highridge,4.9,garbage point,illegal dumping,,public land,,
Kasarani,Mwiki,-1.2402372,36.9344579,4.875,garbage point,collection point,,private,,yes,,Kasarani,Mwiki,4.875,garbage point,collection point,,private,,
Kasarani,Ruai,-1.268234,36.991321,4.72,garbage point,illegal dumping,,private,,yes,,Kasarani,Ruai,4.72,garbage point,illegal dumping,,private,,
Westlands,Mountain View,-1.2713815,36.7466516,1.716,garbage point,illegal dumping,,public land,,yes,,Westlands,Mountain View,1.716,garbage point,illegal dumping,,public land,,
Westlands,Mountain View,-1.2739626,36.7505761,3.85,garbage point,illegal dumping,,public land,,yes,,Westlands,Mountain View,3.85,garbage point,illegal dumping,,public land,,
Westlands,Mountain View,-1.2737232,36.7509314,2.907,garbage point,illegal dumping,,public land,,yes,,Westlands,Mountain View,2.907,garbage point,illegal dumping,,public land,,
Westlands,Mountain View,-1.2684499,36.7485108,4.6,garbage point,illegal dumping,,public land,,yes,,Westlands,Mountain View,4.6,garbage point,illegal dumping,,public land,,
Westlands,Mountain View,-1.271058,36.7483622,3.744,garbage point,illegal dumping,,public land,,yes,Clear illegal dumping through sensitization and enforcement,Westlands,Mountain View,3.744,garbage point,illegal dumping,,public land,,Clear illegal dumping through sensitization and enforcement
Westlands,Mountain View,-1.2655541,36.7319662,4.987,garbage point,illegal dumping,,public land,,yes,,Westlands,Mountain View,4.987,garbage point,illegal dumping,,public land,,
Westlands,Mountain View,-1.2638393,36.7291608,4.516,garbage point,collection point,,public land,,yes,,Westlands,Mountain View,4.516,garbage point,collection point,,public land,,
Dagoretti North,Kawangware,-1.2843522,36.7420573,2.566,garbage point,illegal dumping,,public land,,yes,,Dagoretti North,Kawangware,2.566,garbage point,illegal dumping,,public land,,
Dagoretti North,Kawangware,-1.2843553,36.7420489,3.86,garbage point,illegal dumping,,public land,,yes,,Dagoretti North,Kawangware,3.86,garbage point,illegal dumping,,public land,,
Dagoretti North,Kawangware,-1.2817897,36.7425421,3.14,garbage point,illegal dumping,,public land,,yes,,Dagoretti North,Kawangware,3.14,garbage point,illegal dumping,,public land,,
Dagoretti North,Kabiro,-1.2842961,36.745881,3.56,garbage point,illegal dumping,,public land,,yes,,Dagoretti North,Kabiro,3.56,garbage point,illegal dumping,,public land,,
Dagoretti North,Gatina,-1.2818741,36.7484735,4.564,garbage point,illegal dumping,,public land,,yes,.,Dagoretti North,Gatina,4.564,garbage point,illegal dumping,,public land,,.
Dagoretti North,Gatina,-1.2806088,36.7494674,4.46,garbage point,illegal dumping,,public land,,yes,,Dagoretti North,Gatina,4.46,garbage point,illegal dumping,,public land,,
Dagoretti North,Gatina,-1.2798675,36.7515727,2.4,garbage point,collection point,,public land,,yes,,Dagoretti North,Gatina,2.4,garbage point,collection point,,public land,,
Dagoretti North,Kabiro,-1.279144,36.7508754,3.08,garbage point,illegal dumping,,private,,yes,,Dagoretti North,Kabiro,3.08,garbage point,illegal dumping,,private,,
Dagoretti North,Gatina,-1.2798925,36.7515692,4.84,garbage point,collection point,,public land,,yes,Dada Mary collection point,Dagoretti North,Gatina,4.84,garbage point,collection point,,public land,Dada Mary collection point,Dada Mary collection point
Dagoretti North,Kabiro,-1.2794313,36.7509432,4.875,garbage point,illegal dumping,,private,,yes,,Dagoretti North,Kabiro,4.875,garbage point,illegal dumping,,private,,
Dagoretti North,Gatina,-1.2833756,36.7534854,4.125,garbage point,illegal dumping,,public land,,yes,,Dagoretti North,Gatina,4.125,garbage point,illegal dumping,,public land,,
Dagoretti North,Gatina,-1.2832806,36.7535436,4.618,garbage point,illegal dumping,,public land,,yes,,Dagoretti North,Gatina,4.618,garbage point,illegal dumping,,public land,,
Westlands,Mountain View,-1.2707918,36.7493012,4.228,garbage point,illegal dumping,,public land,,yes,,Westlands,Mountain View,4.228,garbage point,illegal dumping,,public land,,
Westlands,Mountain View,-1.269929,36.7492866,4.325,garbage point,illegal dumping,,public land,,yes,,Westlands,Mountain View,4.325,garbage point,illegal dumping,,public land,,
Westlands,Mountain View,-1.2696338,36.7498136,4.1,garbage point,illegal dumping,,public land,,yes,,Westlands,Mountain View,4.1,garbage point,illegal dumping,,public land,,
Dagoretti North,Kawangware,-1.2872934,36.7480036,2.2,garbage point,collection point,,public land,,yes,,Dagoretti North,Kawangware,2.2,garbage point,collection point,,public land,,
Westlands,Kangemi,-1.2642668,36.7474526,4.1,garbage point,illegal dumping,,public land,,yes,,Westlands,Kangemi,4.1,garbage point,illegal dumping,,public land,,
Westlands,Kangemi,-1.2645124,36.7482558,4.466,garbage point,holding ground,,public land,,yes,,Westlands,Kangemi,4.466,garbage point,holding ground,,public land,,
Westlands,Kangemi,-1.2644987,36.7493307,4.014,garbage point,illegal dumping,,public land,,yes,,Westlands,Kangemi,4.014,garbage point,illegal dumping,,public land,,
Makadara,Maringo/ Hamza,-1.2229497,36.8833921,4.566,garbage point,holding ground,,public land,,yes,,Makadara,Maringo/ Hamza,4.566,garbage point,holding ground,,public land,,
Makadara,Maringo/ Hamza,-1.2215893,36.8820968,3.882,garbage point,collection point,,public land,,yes,,Makadara,Maringo/ Hamza,3.882,garbage point,collection point,,public land,,
Kasarani,Clay City,-1.223022,36.8830507,4.16,garbage point,collection point,,private,,yes,The design is good since it's waterproof.,Kasarani,Clay City,4.16,garbage point,collection point,,private,,The design is good since it's waterproof.
Kasarani,Kasarani,-1.2228312,36.8824614,4.933,garbage point,collection point,,private,,yes,,Kasarani,Kasarani,4.933,garbage point,collection point,,private,,
Makadara,Makongeni,-1.2226073,36.8823016,4.139,garbage point,bin,,community,,yes,On a junction of the entrance to the kubaya hall,Makadara,Makongeni,4.139,garbage point,bin,,community,,On a junction of the entrance to the kubaya hall
Kamukunji,Airbase,-1.2228204,36.8823599,4.9,garbage point,bin,,private,,yes,,Kamukunji,Airbase,4.9,garbage point,bin,,private,,
Kamukunji,Eastleigh North,-1.2229148,36.8823055,4.592,garbage point,bin,,private,,yes,,Kamukunji,Eastleigh North,4.592,garbage point,bin,,private,,
Makadara,Makongeni,-1.2224446,36.8819545,4.068,garbage point,bin,,community,,yes,,Makadara,Makongeni,4.068,garbage point,bin,,community,,
Kasarani,Kasarani,-1.2221951,36.881778,4.816,garbage point,other,Waste water drainage,private,,yes,,Kasarani,Kasarani,4.816,garbage point,other,Waste water drainage,private,,
Kasarani,Njiru,-1.2248737,36.8826808,4.825,garbage point,bin,,community,,no,Private,Kasarani,Njiru,4.825,garbage point,bin,,community,,Private
Kasarani,Kasarani,-1.2229858,36.8833376,4.742,garbage point,bin,,private,,yes,,Kasarani,Kasarani,4.742,garbage point,bin,,private,,
Dagoretti North,Gatina,-1.2228287,36.8823906,4.7,garbage point,bin,,private,,yes,Okay,Dagoretti North,Gatina,4.7,garbage point,bin,,private,,Okay
Embakasi North,Dandora Area IV,-1.2248799,36.882662,4.4,garbage point,bin,,private,,yes,The bin is clean.,Embakasi North,Dandora Area IV,4.4,garbage point,bin,,private,,The bin is clean.
Dagoretti North,Gatina,-1.2249504,36.8826902,3.214,garbage point,bin,,public land,,yes,,Dagoretti North,Gatina,3.214,garbage point,bin,,public land,,
Westlands,Parklands/Highridge,-1.2249247,36.8831825,0.901,garbage point,bin,,private,,yes,"Good to go
",Westlands,Parklands/Highridge,0.901,garbage point,bin,,private,,"Good to go
"
